-- phpMyAdmin SQL Dump
-- version 4.8.2
-- https://www.phpmyadmin.net/
--
-- Host: localhost
-- Generation Time: Sep 06, 2018 at 05:58 AM
-- Server version: 10.1.34-MariaDB
-- PHP Version: 7.0.31

SET SQL_MODE = "NO_AUTO_VALUE_ON_ZERO";
SET AUTOCOMMIT = 0;
START TRANSACTION;
SET time_zone = "+00:00";


/*!40101 SET @OLD_CHARACTER_SET_CLIENT=@@CHARACTER_SET_CLIENT */;
/*!40101 SET @OLD_CHARACTER_SET_RESULTS=@@CHARACTER_SET_RESULTS */;
/*!40101 SET @OLD_COLLATION_CONNECTION=@@COLLATION_CONNECTION */;
/*!40101 SET NAMES utf8mb4 */;

--
-- Database: `db_slip_gaji`
--

-- --------------------------------------------------------

--
-- Table structure for table `ci_sessions`
--

CREATE TABLE `ci_sessions` (
  `id` varchar(128) NOT NULL,
  `ip_address` varchar(45) NOT NULL,
  `timestamp` int(10) UNSIGNED NOT NULL DEFAULT '0',
  `data` blob NOT NULL
) ENGINE=InnoDB DEFAULT CHARSET=latin1;

--
-- Dumping data for table `ci_sessions`
--

INSERT INTO `ci_sessions` (`id`, `ip_address`, `timestamp`, `data`) VALUES
('ipik9h0n5h892hid17l9s1i0jlkofu1c', '127.0.0.1', 1533684388, 0x5f5f63695f6c6173745f726567656e65726174657c693a313533333638343338383b49535f4c4f47494e5f41444d494e7c623a313b6e616d657c733a343a22726f6f74223b656d61696c7c733a31303a22726f6f7440656d61696c223b70617373776f72647c733a34303a2237313130656461346430396530363261613565346133393062306135373261633064326330323230223b757365725f69647c733a313a2231223b757365725f73746174657c733a313a2231223b6e696b7c733a333a22313132223b6c6576656c7c733a363a2253595354454d223b),
('mfshp6h49almke5afpcq9694vo6rc8t6', '127.0.0.1', 1533685029, 0x5f5f63695f6c6173745f726567656e65726174657c693a313533333638353032393b49535f4c4f47494e5f41444d494e7c623a313b6e616d657c733a343a22726f6f74223b656d61696c7c733a31303a22726f6f7440656d61696c223b70617373776f72647c733a34303a2237313130656461346430396530363261613565346133393062306135373261633064326330323230223b757365725f69647c733a313a2231223b757365725f73746174657c733a313a2231223b6e696b7c733a333a22313132223b6c6576656c7c733a363a2253595354454d223b),
('unil4t6fbi36dmkb3dmrjjbfbrmjp4jq', '127.0.0.1', 1533684714, 0x5f5f63695f6c6173745f726567656e65726174657c693a313533333638343731343b49535f4c4f47494e5f41444d494e7c623a313b6e616d657c733a343a22726f6f74223b656d61696c7c733a31303a22726f6f7440656d61696c223b70617373776f72647c733a34303a2237313130656461346430396530363261613565346133393062306135373261633064326330323230223b757365725f69647c733a313a2231223b757365725f73746174657c733a313a2231223b6e696b7c733a333a22313132223b6c6576656c7c733a363a2253595354454d223b),
('ev2nj742k9ofih3r4sprvmftu5vv1da9', '127.0.0.1', 1533685409, 0x5f5f63695f6c6173745f726567656e65726174657c693a313533333638353430393b49535f4c4f47494e5f41444d494e7c623a313b6e616d657c733a343a22726f6f74223b656d61696c7c733a31303a22726f6f7440656d61696c223b70617373776f72647c733a34303a2237313130656461346430396530363261613565346133393062306135373261633064326330323230223b757365725f69647c733a313a2231223b757365725f73746174657c733a313a2231223b6e696b7c733a333a22313132223b6c6576656c7c733a363a2253595354454d223b),
('u9t1hgplhg4uner9dmdnvblgpegttv1d', '127.0.0.1', 1533685759, 0x5f5f63695f6c6173745f726567656e65726174657c693a313533333638353735393b49535f4c4f47494e5f41444d494e7c623a313b6e616d657c733a343a22726f6f74223b656d61696c7c733a31303a22726f6f7440656d61696c223b70617373776f72647c733a34303a2237313130656461346430396530363261613565346133393062306135373261633064326330323230223b757365725f69647c733a313a2231223b757365725f73746174657c733a313a2231223b6e696b7c733a333a22313132223b6c6576656c7c733a363a2253595354454d223b),
('kr9u7mo22ki8lbc18pqbpdtg7h0lv0qb', '127.0.0.1', 1533686348, 0x5f5f63695f6c6173745f726567656e65726174657c693a313533333638363334383b49535f4c4f47494e5f41444d494e7c623a313b6e616d657c733a343a22726f6f74223b656d61696c7c733a31303a22726f6f7440656d61696c223b70617373776f72647c733a34303a2237313130656461346430396530363261613565346133393062306135373261633064326330323230223b757365725f69647c733a313a2231223b757365725f73746174657c733a313a2231223b6e696b7c733a333a22313132223b6c6576656c7c733a363a2253595354454d223b),
('vbcpcuabssng95gld6qaenmobpu8den6', '127.0.0.1', 1533686683, 0x5f5f63695f6c6173745f726567656e65726174657c693a313533333638363638333b49535f4c4f47494e5f41444d494e7c623a313b6e616d657c733a343a22726f6f74223b656d61696c7c733a31303a22726f6f7440656d61696c223b70617373776f72647c733a34303a2237313130656461346430396530363261613565346133393062306135373261633064326330323230223b757365725f69647c733a313a2231223b757365725f73746174657c733a313a2231223b6e696b7c733a333a22313132223b6c6576656c7c733a363a2253595354454d223b),
('s65sf6dfnau3hnd7iolo92914onrb1lv', '127.0.0.1', 1533687021, 0x5f5f63695f6c6173745f726567656e65726174657c693a313533333638373032313b49535f4c4f47494e5f41444d494e7c623a313b6e616d657c733a343a22726f6f74223b656d61696c7c733a31303a22726f6f7440656d61696c223b70617373776f72647c733a34303a2237313130656461346430396530363261613565346133393062306135373261633064326330323230223b757365725f69647c733a313a2231223b757365725f73746174657c733a313a2231223b6e696b7c733a333a22313132223b6c6576656c7c733a363a2253595354454d223b),
('6eku1sdjjnd9po8jr9q4e3hjusejrqh3', '127.0.0.1', 1533687355, 0x5f5f63695f6c6173745f726567656e65726174657c693a313533333638373335353b49535f4c4f47494e5f41444d494e7c623a313b6e616d657c733a343a22726f6f74223b656d61696c7c733a31303a22726f6f7440656d61696c223b70617373776f72647c733a34303a2237313130656461346430396530363261613565346133393062306135373261633064326330323230223b757365725f69647c733a313a2231223b757365725f73746174657c733a313a2231223b6e696b7c733a333a22313132223b6c6576656c7c733a363a2253595354454d223b),
('kokcco6sqe93tsv38a50h1jccamdsj83', '127.0.0.1', 1533687666, 0x5f5f63695f6c6173745f726567656e65726174657c693a313533333638373636363b49535f4c4f47494e5f41444d494e7c623a313b6e616d657c733a343a22726f6f74223b656d61696c7c733a31303a22726f6f7440656d61696c223b70617373776f72647c733a34303a2237313130656461346430396530363261613565346133393062306135373261633064326330323230223b757365725f69647c733a313a2231223b757365725f73746174657c733a313a2231223b6e696b7c733a333a22313132223b6c6576656c7c733a363a2253595354454d223b),
('nthaccotvlv9ud2h5pgs6o2f3mhbmgap', '127.0.0.1', 1533688007, 0x5f5f63695f6c6173745f726567656e65726174657c693a313533333638383030373b49535f4c4f47494e5f41444d494e7c623a313b6e616d657c733a343a22726f6f74223b656d61696c7c733a31303a22726f6f7440656d61696c223b70617373776f72647c733a34303a2237313130656461346430396530363261613565346133393062306135373261633064326330323230223b757365725f69647c733a313a2231223b757365725f73746174657c733a313a2231223b6e696b7c733a333a22313132223b6c6576656c7c733a363a2253595354454d223b),
('928oqh96bqjg71v79eqmgprrmrcstfdb', '127.0.0.1', 1533688308, 0x5f5f63695f6c6173745f726567656e65726174657c693a313533333638383330383b49535f4c4f47494e5f41444d494e7c623a313b6e616d657c733a343a22726f6f74223b656d61696c7c733a31303a22726f6f7440656d61696c223b70617373776f72647c733a34303a2237313130656461346430396530363261613565346133393062306135373261633064326330323230223b757365725f69647c733a313a2231223b757365725f73746174657c733a313a2231223b6e696b7c733a333a22313132223b6c6576656c7c733a363a2253595354454d223b),
('7i4hig0dq8jqu9010lanc9b0mpsl3abh', '127.0.0.1', 1533688615, 0x5f5f63695f6c6173745f726567656e65726174657c693a313533333638383631353b6e616d657c733a343a22726f6f74223b656d61696c7c733a31303a22726f6f7440656d61696c223b70617373776f72647c733a34303a2237313130656461346430396530363261613565346133393062306135373261633064326330323230223b757365725f69647c733a313a2231223b757365725f73746174657c733a313a2231223b6e696b7c733a333a22313132223b6c6576656c7c733a363a2253595354454d223b49535f4c4f47494e5f41444d494e7c623a313b),
('66m895jj9fgabnu9hprm8cle0169s71e', '127.0.0.1', 1533688927, 0x5f5f63695f6c6173745f726567656e65726174657c693a313533333638383932373b6e616d657c733a353a227275736469223b656d61696c7c733a31343a22727573646940687362632e636f6d223b70617373776f72647c733a34303a2237313130656461346430396530363261613565346133393062306135373261633064326330323230223b757365725f69647c733a323a223735223b757365725f73746174657c733a313a2231223b6e696b7c733a31303a2248313031323128544c29223b6c6576656c7c733a393a22524f4c452048534243223b49535f4c4f47494e5f41444d494e7c623a313b),
('c65njbhoj8ge30fkeqb9sa7i5hhit8nc', '127.0.0.1', 1533689246, 0x5f5f63695f6c6173745f726567656e65726174657c693a313533333638393234363b6e616d657c733a353a227275736469223b656d61696c7c733a31343a22727573646940687362632e636f6d223b70617373776f72647c733a34303a2237313130656461346430396530363261613565346133393062306135373261633064326330323230223b757365725f69647c733a323a223735223b757365725f73746174657c733a313a2231223b6e696b7c733a333a22483130223b6c6576656c7c733a393a22524f4c452048534243223b49535f4c4f47494e5f41444d494e7c623a313b),
('ud6k612u35t3nudcj30u8ptgbmc0tg1b', '127.0.0.1', 1533689766, 0x5f5f63695f6c6173745f726567656e65726174657c693a313533333638393736363b6e616d657c733a353a227275736469223b656d61696c7c733a31343a22727573646940687362632e636f6d223b70617373776f72647c733a34303a2237313130656461346430396530363261613565346133393062306135373261633064326330323230223b757365725f69647c733a323a223735223b757365725f73746174657c733a313a2231223b6e696b7c733a333a22483130223b6c6576656c7c733a393a22524f4c452048534243223b49535f4c4f47494e5f41444d494e7c623a313b),
('4i0ncn7bclquomave3ht7j0sup201ibo', '127.0.0.1', 1533690273, 0x5f5f63695f6c6173745f726567656e65726174657c693a313533333639303237333b6e616d657c733a353a227275736469223b656d61696c7c733a31343a22727573646940687362632e636f6d223b70617373776f72647c733a34303a2237313130656461346430396530363261613565346133393062306135373261633064326330323230223b757365725f69647c733a323a223735223b757365725f73746174657c733a313a2231223b6e696b7c733a333a22483130223b6c6576656c7c733a393a22524f4c452048534243223b49535f4c4f47494e5f41444d494e7c623a313b),
('tdjm8vvh2j7olpbdocnffbhkud79psg7', '127.0.0.1', 1533690574, 0x5f5f63695f6c6173745f726567656e65726174657c693a313533333639303537343b6e616d657c733a31313a226167757367616e74656e67223b656d61696c7c733a31333a226167757340616775732e636f6d223b70617373776f72647c733a34303a2237313130656461346430396530363261613565346133393062306135373261633064326330323230223b757365725f69647c733a323a223437223b757365725f73746174657c733a313a2231223b6e696b7c733a313a2231223b6c6576656c7c733a393a22535441464620414b53223b49535f4c4f47494e5f41444d494e7c623a313b),
('hnp39i4g00uulu10bmobqkvesp7i6lgf', '127.0.0.1', 1533690898, 0x5f5f63695f6c6173745f726567656e65726174657c693a313533333639303839383b6e616d657c733a343a22726f6f74223b656d61696c7c733a31303a22726f6f7440656d61696c223b70617373776f72647c733a34303a2237313130656461346430396530363261613565346133393062306135373261633064326330323230223b757365725f69647c733a313a2231223b757365725f73746174657c733a313a2231223b6e696b7c733a333a22313132223b6c6576656c7c733a363a2253595354454d223b49535f4c4f47494e5f41444d494e7c623a313b),
('ibsbv2m7ju2v1iv2pnfatg422903qt49', '127.0.0.1', 1533691087, 0x5f5f63695f6c6173745f726567656e65726174657c693a313533333639303839383b6e616d657c733a343a22726f6f74223b656d61696c7c733a31303a22726f6f7440656d61696c223b70617373776f72647c733a34303a2237313130656461346430396530363261613565346133393062306135373261633064326330323230223b757365725f69647c733a313a2231223b757365725f73746174657c733a313a2231223b6e696b7c733a333a22313132223b6c6576656c7c733a363a2253595354454d223b6d6573736167657c733a303a22223b5f5f63695f766172737c613a313a7b733a373a226d657373616765223b733a333a226f6c64223b7d),
('ue9q9l6p9fdesehgbarotu4vh0cvhqsf', '::1', 1533698795, 0x5f5f63695f6c6173745f726567656e65726174657c693a313533333639383739343b),
('2f7gsnteqijjb0fri0l201hatrfrunqf', '::1', 1533698797, 0x5f5f63695f6c6173745f726567656e65726174657c693a313533333639383739363b),
('7lhugmlqn0u5uo97j4b1p40nd06bnq2p', '127.0.0.1', 1533698798, 0x5f5f63695f6c6173745f726567656e65726174657c693a313533333639383739363b6d6573736167657c733a303a22223b5f5f63695f766172737c613a313a7b733a373a226d657373616765223b733a333a226e6577223b7d),
('4q39p4j8283bm1ejf2uao4r9abocreph', '127.0.0.1', 1533699535, 0x5f5f63695f6c6173745f726567656e65726174657c693a313533333639393533353b49535f4c4f47494e5f41444d494e7c623a313b6e616d657c733a343a22726f6f74223b656d61696c7c733a31303a22726f6f7440656d61696c223b70617373776f72647c733a34303a2237313130656461346430396530363261613565346133393062306135373261633064326330323230223b757365725f69647c733a313a2231223b757365725f73746174657c733a313a2231223b6e696b7c733a333a22313132223b6c6576656c7c733a363a2253595354454d223b),
('qd9dno3skemcr6p1sisadt632ekop32h', '127.0.0.1', 1533699847, 0x5f5f63695f6c6173745f726567656e65726174657c693a313533333639393834373b49535f4c4f47494e5f41444d494e7c623a313b6e616d657c733a343a22726f6f74223b656d61696c7c733a31303a22726f6f7440656d61696c223b70617373776f72647c733a34303a2237313130656461346430396530363261613565346133393062306135373261633064326330323230223b757365725f69647c733a313a2231223b757365725f73746174657c733a313a2231223b6e696b7c733a333a22313132223b6c6576656c7c733a363a2253595354454d223b),
('301bjrsspj3e51bif4a909snneikros4', '127.0.0.1', 1533700158, 0x5f5f63695f6c6173745f726567656e65726174657c693a313533333730303135383b49535f4c4f47494e5f41444d494e7c623a313b6e616d657c733a343a22726f6f74223b656d61696c7c733a31303a22726f6f7440656d61696c223b70617373776f72647c733a34303a2237313130656461346430396530363261613565346133393062306135373261633064326330323230223b757365725f69647c733a313a2231223b757365725f73746174657c733a313a2231223b6e696b7c733a333a22313132223b6c6576656c7c733a363a2253595354454d223b),
('i3e81ku9es1apq0j5riorgggfe2qn4bf', '127.0.0.1', 1533700486, 0x5f5f63695f6c6173745f726567656e65726174657c693a313533333730303438363b49535f4c4f47494e5f41444d494e7c623a313b6e616d657c733a343a22726f6f74223b656d61696c7c733a31303a22726f6f7440656d61696c223b70617373776f72647c733a34303a2237313130656461346430396530363261613565346133393062306135373261633064326330323230223b757365725f69647c733a313a2231223b757365725f73746174657c733a313a2231223b6e696b7c733a333a22313132223b6c6576656c7c733a363a2253595354454d223b),
('uao0ume5isa19u548opnagidggol30gt', '127.0.0.1', 1533701143, 0x5f5f63695f6c6173745f726567656e65726174657c693a313533333730313134333b6e616d657c733a343a22726f6f74223b656d61696c7c733a31303a22726f6f7440656d61696c223b70617373776f72647c733a34303a2237313130656461346430396530363261613565346133393062306135373261633064326330323230223b757365725f69647c733a313a2231223b757365725f73746174657c733a313a2231223b6e696b7c733a333a22313132223b6c6576656c7c733a363a2253595354454d223b49535f4c4f47494e5f41444d494e7c623a313b),
('9cnet36l2bhp4vhujqfqk45fdi568sh9', '127.0.0.1', 1533704663, 0x5f5f63695f6c6173745f726567656e65726174657c693a313533333730343636333b6e616d657c733a343a22726f6f74223b656d61696c7c733a31303a22726f6f7440656d61696c223b70617373776f72647c733a34303a2237313130656461346430396530363261613565346133393062306135373261633064326330323230223b757365725f69647c733a313a2231223b757365725f73746174657c733a313a2231223b6e696b7c733a333a22313132223b6c6576656c7c733a363a2253595354454d223b49535f4c4f47494e5f41444d494e7c623a313b),
('s0rrl6rhkc7hra6gonl1dd2vrg5tjutb', '127.0.0.1', 1533704974, 0x5f5f63695f6c6173745f726567656e65726174657c693a313533333730343937343b6e616d657c733a343a22726f6f74223b656d61696c7c733a31303a22726f6f7440656d61696c223b70617373776f72647c733a34303a2237313130656461346430396530363261613565346133393062306135373261633064326330323230223b757365725f69647c733a313a2231223b757365725f73746174657c733a313a2231223b6e696b7c733a333a22313132223b6c6576656c7c733a363a2253595354454d223b49535f4c4f47494e5f41444d494e7c623a313b),
('kqcl22at7cd14he7bjb9fcvusf6tvt45', '127.0.0.1', 1533708738, 0x5f5f63695f6c6173745f726567656e65726174657c693a313533333730383733383b6e616d657c733a343a22726f6f74223b656d61696c7c733a31303a22726f6f7440656d61696c223b70617373776f72647c733a34303a2237313130656461346430396530363261613565346133393062306135373261633064326330323230223b757365725f69647c733a313a2231223b757365725f73746174657c733a313a2231223b6e696b7c733a333a22313132223b6c6576656c7c733a363a2253595354454d223b49535f4c4f47494e5f41444d494e7c623a313b),
('drv209thmpq4rg3uiqgl05jh7vgs3829', '127.0.0.1', 1533709270, 0x5f5f63695f6c6173745f726567656e65726174657c693a313533333730393237303b6e616d657c733a343a22726f6f74223b656d61696c7c733a31303a22726f6f7440656d61696c223b70617373776f72647c733a34303a2237313130656461346430396530363261613565346133393062306135373261633064326330323230223b757365725f69647c733a313a2231223b757365725f73746174657c733a313a2231223b6e696b7c733a333a22313132223b6c6576656c7c733a363a2253595354454d223b49535f4c4f47494e5f41444d494e7c623a313b),
('skbrt7cpojhuhpt2mcj24t6fqg520f8u', '127.0.0.1', 1533710287, 0x5f5f63695f6c6173745f726567656e65726174657c693a313533333731303238373b6e616d657c733a31313a226167757367616e74656e67223b656d61696c7c733a31333a226167757340616775732e636f6d223b70617373776f72647c733a34303a2237313130656461346430396530363261613565346133393062306135373261633064326330323230223b757365725f69647c733a323a223437223b757365725f73746174657c733a313a2231223b6e696b7c733a313a2231223b6c6576656c7c733a393a22535441464620414b53223b49535f4c4f47494e5f41444d494e7c623a313b),
('2nmgane56u201mjv1aq69etj8a0daeur', '127.0.0.1', 1533710808, 0x5f5f63695f6c6173745f726567656e65726174657c693a313533333731303830383b6e616d657c733a343a22726f6f74223b656d61696c7c733a31303a22726f6f7440656d61696c223b70617373776f72647c733a34303a2237313130656461346430396530363261613565346133393062306135373261633064326330323230223b757365725f69647c733a313a2231223b757365725f73746174657c733a313a2231223b6e696b7c733a333a22313132223b6c6576656c7c733a363a2253595354454d223b49535f4c4f47494e5f41444d494e7c623a313b),
('q1soulgpugl9g0dridl566tr8q1ri4rm', '127.0.0.1', 1533711172, 0x5f5f63695f6c6173745f726567656e65726174657c693a313533333731313137323b6e616d657c733a343a22726f6f74223b656d61696c7c733a31303a22726f6f7440656d61696c223b70617373776f72647c733a34303a2237313130656461346430396530363261613565346133393062306135373261633064326330323230223b757365725f69647c733a313a2231223b757365725f73746174657c733a313a2231223b6e696b7c733a333a22313132223b6c6576656c7c733a363a2253595354454d223b49535f4c4f47494e5f41444d494e7c623a313b),
('0i2gl3j4gk5b188f6cr3fh5oqalf455t', '127.0.0.1', 1533711517, 0x5f5f63695f6c6173745f726567656e65726174657c693a313533333731313531373b6e616d657c733a343a22726f6f74223b656d61696c7c733a31303a22726f6f7440656d61696c223b70617373776f72647c733a34303a2237313130656461346430396530363261613565346133393062306135373261633064326330323230223b757365725f69647c733a313a2231223b757365725f73746174657c733a313a2231223b6e696b7c733a333a22313132223b6c6576656c7c733a363a2253595354454d223b49535f4c4f47494e5f41444d494e7c623a313b),
('31jtjsdpodene1rg59p5s1c8lc8fasvq', '127.0.0.1', 1533712369, 0x5f5f63695f6c6173745f726567656e65726174657c693a313533333731323336393b6e616d657c733a343a22726f6f74223b656d61696c7c733a31303a22726f6f7440656d61696c223b70617373776f72647c733a34303a2237313130656461346430396530363261613565346133393062306135373261633064326330323230223b757365725f69647c733a313a2231223b757365725f73746174657c733a313a2231223b6e696b7c733a333a22313132223b6c6576656c7c733a363a2253595354454d223b49535f4c4f47494e5f41444d494e7c623a313b),
('lacnpgl3j6bukcpi2qh893qp03klleq3', '127.0.0.1', 1533712771, 0x5f5f63695f6c6173745f726567656e65726174657c693a313533333731323737313b6e616d657c733a343a22726f6f74223b656d61696c7c733a31303a22726f6f7440656d61696c223b70617373776f72647c733a34303a2237313130656461346430396530363261613565346133393062306135373261633064326330323230223b757365725f69647c733a313a2231223b757365725f73746174657c733a313a2231223b6e696b7c733a333a22313132223b6c6576656c7c733a363a2253595354454d223b),
('1rtqs8tqi0hdov858oh53qc8j6na9fsc', '127.0.0.1', 1533713375, 0x5f5f63695f6c6173745f726567656e65726174657c693a313533333731333337353b6e616d657c733a343a22726f6f74223b656d61696c7c733a31333a22726f6f74406d61696c2e636f6d223b70617373776f72647c733a34303a2238333863393335326664666461643534643235303732396161373935316231656138643866383164223b757365725f69647c733a313a2231223b757365725f73746174657c733a313a2231223b6e696b7c733a343a2231303030223b6c6576656c7c733a363a2253595354454d223b49535f4c4f47494e5f41444d494e7c623a313b),
('n777kh8592driddlm16cukd7pij9fko1', '127.0.0.1', 1533713779, 0x5f5f63695f6c6173745f726567656e65726174657c693a313533333731333737393b6e616d657c733a343a22726f6f74223b656d61696c7c733a31333a22726f6f74406d61696c2e636f6d223b70617373776f72647c733a34303a2238333863393335326664666461643534643235303732396161373935316231656138643866383164223b757365725f69647c733a313a2231223b757365725f73746174657c733a313a2231223b6e696b7c733a343a2231303030223b6c6576656c7c733a363a2253595354454d223b49535f4c4f47494e5f41444d494e7c623a313b),
('k4klvo3v0vm9f6de0bindfgo7j99c099', '127.0.0.1', 1533714097, 0x5f5f63695f6c6173745f726567656e65726174657c693a313533333731343039373b6e616d657c733a343a22726f6f74223b656d61696c7c733a31333a22726f6f74406d61696c2e636f6d223b70617373776f72647c733a34303a2238333863393335326664666461643534643235303732396161373935316231656138643866383164223b757365725f69647c733a313a2231223b757365725f73746174657c733a313a2231223b6e696b7c733a343a2231303030223b6c6576656c7c733a363a2253595354454d223b49535f4c4f47494e5f41444d494e7c623a313b),
('k5arl0qkrnth8t6red8fp55pkg9invlt', '127.0.0.1', 1533714417, 0x5f5f63695f6c6173745f726567656e65726174657c693a313533333731343431373b6e616d657c733a343a22726f6f74223b656d61696c7c733a31333a22726f6f74406d61696c2e636f6d223b70617373776f72647c733a34303a2238333863393335326664666461643534643235303732396161373935316231656138643866383164223b757365725f69647c733a313a2231223b757365725f73746174657c733a313a2231223b6e696b7c733a343a2231303030223b6c6576656c7c733a363a2253595354454d223b49535f4c4f47494e5f41444d494e7c623a313b),
('pg6bjt2ihk6j2h6fma1r0oa98i2hd9k5', '127.0.0.1', 1533714756, 0x5f5f63695f6c6173745f726567656e65726174657c693a313533333731343735363b6e616d657c733a343a22726f6f74223b656d61696c7c733a31333a22726f6f74406d61696c2e636f6d223b70617373776f72647c733a34303a2238333863393335326664666461643534643235303732396161373935316231656138643866383164223b757365725f69647c733a313a2231223b757365725f73746174657c733a313a2231223b6e696b7c733a343a2231303030223b6c6576656c7c733a363a2253595354454d223b49535f4c4f47494e5f41444d494e7c623a313b),
('pgkvsasep144jl70qvdocvvkeafc4o1g', '127.0.0.1', 1533715061, 0x5f5f63695f6c6173745f726567656e65726174657c693a313533333731353036313b6e616d657c733a343a22726f6f74223b656d61696c7c733a31333a22726f6f74406d61696c2e636f6d223b70617373776f72647c733a34303a2238333863393335326664666461643534643235303732396161373935316231656138643866383164223b757365725f69647c733a313a2231223b757365725f73746174657c733a313a2231223b6e696b7c733a343a2231303030223b6c6576656c7c733a363a2253595354454d223b49535f4c4f47494e5f41444d494e7c623a313b),
('ve72jcl24eb4ilfr8p4n6ca40emrabae', '127.0.0.1', 1533715596, 0x5f5f63695f6c6173745f726567656e65726174657c693a313533333731353539363b6e616d657c733a343a22726f6f74223b656d61696c7c733a31333a22726f6f74406d61696c2e636f6d223b70617373776f72647c733a34303a2238333863393335326664666461643534643235303732396161373935316231656138643866383164223b757365725f69647c733a313a2231223b757365725f73746174657c733a313a2231223b6e696b7c733a343a2231303030223b6c6576656c7c733a363a2253595354454d223b49535f4c4f47494e5f41444d494e7c623a313b),
('tf4cq6cfs6q2gtmehpimikrifm8qvaod', '127.0.0.1', 1533716350, 0x5f5f63695f6c6173745f726567656e65726174657c693a313533333731363335303b6e616d657c733a343a22726f6f74223b656d61696c7c733a31333a22726f6f74406d61696c2e636f6d223b70617373776f72647c733a34303a2238333863393335326664666461643534643235303732396161373935316231656138643866383164223b757365725f69647c733a313a2231223b757365725f73746174657c733a313a2231223b6e696b7c733a343a2231303030223b6c6576656c7c733a363a2253595354454d223b49535f4c4f47494e5f41444d494e7c623a313b),
('85806buig7rdn73cen483hdeha7rmopg', '127.0.0.1', 1533716712, 0x5f5f63695f6c6173745f726567656e65726174657c693a313533333731363731323b6e616d657c733a343a22726f6f74223b656d61696c7c733a31333a22726f6f74406d61696c2e636f6d223b70617373776f72647c733a34303a2238333863393335326664666461643534643235303732396161373935316231656138643866383164223b757365725f69647c733a313a2231223b757365725f73746174657c733a313a2231223b6e696b7c733a343a2231303030223b6c6576656c7c733a363a2253595354454d223b49535f4c4f47494e5f41444d494e7c623a313b),
('3fpbanko1ci6g9nda3cqr0nvt0fl34m9', '127.0.0.1', 1533717201, 0x5f5f63695f6c6173745f726567656e65726174657c693a313533333731373230313b6e616d657c733a343a22726f6f74223b656d61696c7c733a31333a22726f6f74406d61696c2e636f6d223b70617373776f72647c733a34303a2238333863393335326664666461643534643235303732396161373935316231656138643866383164223b757365725f69647c733a313a2231223b757365725f73746174657c733a313a2231223b6e696b7c733a343a2231303030223b6c6576656c7c733a363a2253595354454d223b49535f4c4f47494e5f41444d494e7c623a313b),
('b8gt21m766o6qojcpl310r73lpqgq3p1', '127.0.0.1', 1533717578, 0x5f5f63695f6c6173745f726567656e65726174657c693a313533333731373537383b6e616d657c733a343a22726f6f74223b656d61696c7c733a31333a22726f6f74406d61696c2e636f6d223b70617373776f72647c733a34303a2238333863393335326664666461643534643235303732396161373935316231656138643866383164223b757365725f69647c733a313a2231223b757365725f73746174657c733a313a2231223b6e696b7c733a343a2231303030223b6c6576656c7c733a363a2253595354454d223b49535f4c4f47494e5f41444d494e7c623a313b),
('ui1llkvgvi7irf9ifkflblht3ut40tb8', '127.0.0.1', 1533717883, 0x5f5f63695f6c6173745f726567656e65726174657c693a313533333731373838333b6e616d657c733a343a22726f6f74223b656d61696c7c733a31333a22726f6f74406d61696c2e636f6d223b70617373776f72647c733a34303a2238333863393335326664666461643534643235303732396161373935316231656138643866383164223b757365725f69647c733a313a2231223b757365725f73746174657c733a313a2231223b6e696b7c733a343a2231303030223b6c6576656c7c733a363a2253595354454d223b49535f4c4f47494e5f41444d494e7c623a313b),
('mv5nrj08ceud8t0hb2our05ur7sgbsrk', '127.0.0.1', 1533718319, 0x5f5f63695f6c6173745f726567656e65726174657c693a313533333731383331393b6e616d657c733a343a22726f6f74223b656d61696c7c733a31333a22726f6f74406d61696c2e636f6d223b70617373776f72647c733a34303a2238333863393335326664666461643534643235303732396161373935316231656138643866383164223b757365725f69647c733a313a2231223b757365725f73746174657c733a313a2231223b6e696b7c733a343a2231303030223b6c6576656c7c733a363a2253595354454d223b49535f4c4f47494e5f41444d494e7c623a313b),
('m2e81ovgsi1fcb8h9iavcmmrt3ar8o69', '127.0.0.1', 1533719588, 0x5f5f63695f6c6173745f726567656e65726174657c693a313533333731393538383b6e616d657c733a343a22726f6f74223b656d61696c7c733a31333a22726f6f74406d61696c2e636f6d223b70617373776f72647c733a34303a2238333863393335326664666461643534643235303732396161373935316231656138643866383164223b757365725f69647c733a313a2231223b757365725f73746174657c733a313a2231223b6e696b7c733a343a2231303030223b6c6576656c7c733a363a2253595354454d223b49535f4c4f47494e5f41444d494e7c623a313b),
('fhhn087kei8bd2na92903hf8tibtulgr', '127.0.0.1', 1533719906, 0x5f5f63695f6c6173745f726567656e65726174657c693a313533333731393930363b6e616d657c733a343a22726f6f74223b656d61696c7c733a31333a22726f6f74406d61696c2e636f6d223b70617373776f72647c733a34303a2238333863393335326664666461643534643235303732396161373935316231656138643866383164223b757365725f69647c733a313a2231223b757365725f73746174657c733a313a2231223b6e696b7c733a343a2231303030223b6c6576656c7c733a363a2253595354454d223b49535f4c4f47494e5f41444d494e7c623a313b),
('vggkgvlbv6bvgf6fegm9fshl3sgjjpm1', '127.0.0.1', 1533720357, 0x5f5f63695f6c6173745f726567656e65726174657c693a313533333732303335373b6e616d657c733a343a22726f6f74223b656d61696c7c733a31333a22726f6f74406d61696c2e636f6d223b70617373776f72647c733a34303a2238333863393335326664666461643534643235303732396161373935316231656138643866383164223b757365725f69647c733a313a2231223b757365725f73746174657c733a313a2231223b6e696b7c733a343a2231303030223b6c6576656c7c733a363a2253595354454d223b49535f4c4f47494e5f41444d494e7c623a313b),
('8kbr8lb8v2gjfaft63gbc8906iddh9ga', '127.0.0.1', 1533720776, 0x5f5f63695f6c6173745f726567656e65726174657c693a313533333732303737363b6e616d657c733a343a22726f6f74223b656d61696c7c733a31333a22726f6f74406d61696c2e636f6d223b70617373776f72647c733a34303a2238333863393335326664666461643534643235303732396161373935316231656138643866383164223b757365725f69647c733a313a2231223b757365725f73746174657c733a313a2231223b6e696b7c733a343a2231303030223b6c6576656c7c733a363a2253595354454d223b49535f4c4f47494e5f41444d494e7c623a313b),
('5a4sfcafn02n8vqo0rd8953h7klmsa8m', '127.0.0.1', 1533721168, 0x5f5f63695f6c6173745f726567656e65726174657c693a313533333732313136383b6e616d657c733a343a22726f6f74223b656d61696c7c733a31333a22726f6f74406d61696c2e636f6d223b70617373776f72647c733a34303a2238333863393335326664666461643534643235303732396161373935316231656138643866383164223b757365725f69647c733a313a2231223b757365725f73746174657c733a313a2231223b6e696b7c733a343a2231303030223b6c6576656c7c733a363a2253595354454d223b49535f4c4f47494e5f41444d494e7c623a313b),
('1m3dl7js88ur1edkfgj6k8n18hsf66di', '127.0.0.1', 1533721638, 0x5f5f63695f6c6173745f726567656e65726174657c693a313533333732313633383b6e616d657c733a343a22726f6f74223b656d61696c7c733a31333a22726f6f74406d61696c2e636f6d223b70617373776f72647c733a34303a2238333863393335326664666461643534643235303732396161373935316231656138643866383164223b757365725f69647c733a313a2231223b757365725f73746174657c733a313a2231223b6e696b7c733a343a2231303030223b6c6576656c7c733a363a2253595354454d223b49535f4c4f47494e5f41444d494e7c623a313b),
('sr5squislne3tkdjd0e8o0svafr5ltr4', '127.0.0.1', 1533726771, 0x5f5f63695f6c6173745f726567656e65726174657c693a313533333732363737313b6e616d657c733a343a22726f6f74223b656d61696c7c733a31333a22726f6f74406d61696c2e636f6d223b70617373776f72647c733a34303a2238333863393335326664666461643534643235303732396161373935316231656138643866383164223b757365725f69647c733a313a2231223b757365725f73746174657c733a313a2231223b6e696b7c733a343a2231303030223b6c6576656c7c733a363a2253595354454d223b49535f4c4f47494e5f41444d494e7c623a313b),
('je14rnt77coutjrs9r14860dk9gr2kh2', '127.0.0.1', 1533727135, 0x5f5f63695f6c6173745f726567656e65726174657c693a313533333732373133353b6e616d657c733a343a22726f6f74223b656d61696c7c733a31333a22726f6f74406d61696c2e636f6d223b70617373776f72647c733a34303a2238333863393335326664666461643534643235303732396161373935316231656138643866383164223b757365725f69647c733a313a2231223b757365725f73746174657c733a313a2231223b6e696b7c733a343a2231303030223b6c6576656c7c733a363a2253595354454d223b49535f4c4f47494e5f41444d494e7c623a313b),
('jb2vp7l2tv0j5enn8l7plil0jdpovl8e', '127.0.0.1', 1533728643, 0x5f5f63695f6c6173745f726567656e65726174657c693a313533333732383634333b6e616d657c733a343a22726f6f74223b656d61696c7c733a31333a22726f6f74406d61696c2e636f6d223b70617373776f72647c733a34303a2238333863393335326664666461643534643235303732396161373935316231656138643866383164223b757365725f69647c733a313a2231223b757365725f73746174657c733a313a2231223b6e696b7c733a343a2231303030223b6c6576656c7c733a363a2253595354454d223b49535f4c4f47494e5f41444d494e7c623a313b),
('1hi04d9ui6s3fpb2f12itda5u1v97tut', '127.0.0.1', 1533728965, 0x5f5f63695f6c6173745f726567656e65726174657c693a313533333732383936353b6e616d657c733a343a22726f6f74223b656d61696c7c733a31333a22726f6f74406d61696c2e636f6d223b70617373776f72647c733a34303a2238333863393335326664666461643534643235303732396161373935316231656138643866383164223b757365725f69647c733a313a2231223b757365725f73746174657c733a313a2231223b6e696b7c733a343a2231303030223b6c6576656c7c733a363a2253595354454d223b49535f4c4f47494e5f41444d494e7c623a313b),
('7rrce28moapgc2vdb607740gkjsdb3om', '127.0.0.1', 1533729630, 0x5f5f63695f6c6173745f726567656e65726174657c693a313533333732393633303b6e616d657c733a343a22726f6f74223b656d61696c7c733a31333a22726f6f74406d61696c2e636f6d223b70617373776f72647c733a34303a2238333863393335326664666461643534643235303732396161373935316231656138643866383164223b757365725f69647c733a313a2231223b757365725f73746174657c733a313a2231223b6e696b7c733a343a2231303030223b6c6576656c7c733a363a2253595354454d223b49535f4c4f47494e5f41444d494e7c623a313b),
('l1unfj4cn06ftadlhmmaojan4jd6bg6e', '127.0.0.1', 1533730146, 0x5f5f63695f6c6173745f726567656e65726174657c693a313533333733303134363b6e616d657c733a343a22726f6f74223b656d61696c7c733a31333a22726f6f74406d61696c2e636f6d223b70617373776f72647c733a34303a2238333863393335326664666461643534643235303732396161373935316231656138643866383164223b757365725f69647c733a313a2231223b757365725f73746174657c733a313a2231223b6e696b7c733a343a2231303030223b6c6576656c7c733a363a2253595354454d223b49535f4c4f47494e5f41444d494e7c623a313b),
('a9kea277gus076p49us586af0fncshun', '127.0.0.1', 1533730447, 0x5f5f63695f6c6173745f726567656e65726174657c693a313533333733303434373b6e616d657c733a343a22726f6f74223b656d61696c7c733a31333a22726f6f74406d61696c2e636f6d223b70617373776f72647c733a34303a2238333863393335326664666461643534643235303732396161373935316231656138643866383164223b757365725f69647c733a313a2231223b757365725f73746174657c733a313a2231223b6e696b7c733a343a2231303030223b6c6576656c7c733a363a2253595354454d223b49535f4c4f47494e5f41444d494e7c623a313b),
('bd2uhe34i8o3q1kiftbr11cfll6dbd39', '127.0.0.1', 1533732185, 0x5f5f63695f6c6173745f726567656e65726174657c693a313533333733323138353b6e616d657c733a343a22726f6f74223b656d61696c7c733a31333a22726f6f74406d61696c2e636f6d223b70617373776f72647c733a34303a2238333863393335326664666461643534643235303732396161373935316231656138643866383164223b757365725f69647c733a313a2231223b757365725f73746174657c733a313a2231223b6e696b7c733a343a2231303030223b6c6576656c7c733a363a2253595354454d223b49535f4c4f47494e5f41444d494e7c623a313b),
('ulgjqv8q88s10vvqiq5du760t63375gh', '127.0.0.1', 1533732494, 0x5f5f63695f6c6173745f726567656e65726174657c693a313533333733323439343b6e616d657c733a343a22726f6f74223b656d61696c7c733a31333a22726f6f74406d61696c2e636f6d223b70617373776f72647c733a34303a2238333863393335326664666461643534643235303732396161373935316231656138643866383164223b757365725f69647c733a313a2231223b757365725f73746174657c733a313a2231223b6e696b7c733a343a2231303030223b6c6576656c7c733a363a2253595354454d223b49535f4c4f47494e5f41444d494e7c623a313b),
('pp8ss564ufunmgcss4d4ttfbaa9ecqc7', '127.0.0.1', 1533732501, 0x5f5f63695f6c6173745f726567656e65726174657c693a313533333733323439343b6e616d657c733a343a22726f6f74223b656d61696c7c733a31333a22726f6f74406d61696c2e636f6d223b70617373776f72647c733a34303a2238333863393335326664666461643534643235303732396161373935316231656138643866383164223b757365725f69647c733a313a2231223b757365725f73746174657c733a313a2231223b6e696b7c733a343a2231303030223b6c6576656c7c733a363a2253595354454d223b49535f4c4f47494e5f41444d494e7c623a313b),
('2303e2f177138ee91bf8801b871a20a35619b139', '182.253.44.166', 1533734245, 0x5f5f63695f6c6173745f726567656e65726174657c693a313533333733343234353b49535f4c4f47494e5f41444d494e7c623a313b6e616d657c733a343a22726f6f74223b656d61696c7c733a31333a22726f6f74406d61696c2e636f6d223b70617373776f72647c733a34303a2238333863393335326664666461643534643235303732396161373935316231656138643866383164223b757365725f69647c733a313a2231223b757365725f73746174657c733a313a2231223b6e696b7c733a343a2231303030223b6c6576656c7c733a363a2253595354454d223b),
('8efb52d62e0a8c6bb5649966c3eef13c9ca0d513', '182.253.44.166', 1533734552, 0x5f5f63695f6c6173745f726567656e65726174657c693a313533333733343535323b6e616d657c733a343a22726f6f74223b656d61696c7c733a31333a22726f6f74406d61696c2e636f6d223b70617373776f72647c733a34303a2238333863393335326664666461643534643235303732396161373935316231656138643866383164223b757365725f69647c733a313a2231223b757365725f73746174657c733a313a2231223b6e696b7c733a343a2231303030223b6c6576656c7c733a363a2253595354454d223b6d6573736167657c733a303a22223b5f5f63695f766172737c613a323a7b733a373a226d657373616765223b733a333a226e6577223b733a353a22616c657274223b733a333a226e6577223b7d616c6572747c733a363a2264616e676572223b),
('589eadcbf4d084b8e5f7d52144b086a48a54864b', '182.253.44.166', 1533734860, 0x5f5f63695f6c6173745f726567656e65726174657c693a313533333733343836303b6e616d657c733a343a22726f6f74223b656d61696c7c733a31333a22726f6f74406d61696c2e636f6d223b70617373776f72647c733a34303a2238333863393335326664666461643534643235303732396161373935316231656138643866383164223b757365725f69647c733a313a2231223b757365725f73746174657c733a313a2231223b6e696b7c733a343a2231303030223b6c6576656c7c733a363a2253595354454d223b6d6573736167657c733a303a22223b5f5f63695f766172737c613a323a7b733a373a226d657373616765223b733a333a226e6577223b733a353a22616c657274223b733a333a226e6577223b7d616c6572747c733a363a2264616e676572223b),
('44dcdc99bb74e3d02e7330cd4e958b61cb2eea8a', '182.253.44.166', 1533735281, 0x5f5f63695f6c6173745f726567656e65726174657c693a313533333733353238313b6e616d657c733a343a22726f6f74223b656d61696c7c733a31333a22726f6f74406d61696c2e636f6d223b70617373776f72647c733a34303a2238333863393335326664666461643534643235303732396161373935316231656138643866383164223b757365725f69647c733a313a2231223b757365725f73746174657c733a313a2231223b6e696b7c733a343a2231303030223b6c6576656c7c733a363a2253595354454d223b6d6573736167657c733a34373a22506c6561736520636865636b20796f757220656d61696c20746f20726573657420796f75722070617373776f72642e223b5f5f63695f766172737c613a323a7b733a373a226d657373616765223b733a333a226e6577223b733a353a22616c657274223b733a333a226e6577223b7d616c6572747c733a373a2273756363657373223b),
('26c8370e2c9b6a51b8936079eed2d9d90126394e', '182.253.44.166', 1533735563, 0x5f5f63695f6c6173745f726567656e65726174657c693a313533333733353238313b6e616d657c733a343a22726f6f74223b656d61696c7c733a31333a22726f6f74406d61696c2e636f6d223b70617373776f72647c733a34303a2238333863393335326664666461643534643235303732396161373935316231656138643866383164223b757365725f69647c733a313a2231223b757365725f73746174657c733a313a2231223b6e696b7c733a343a2231303030223b6c6576656c7c733a363a2253595354454d223b6d6573736167657c733a303a22223b5f5f63695f766172737c613a323a7b733a373a226d657373616765223b733a333a226e6577223b733a353a22616c657274223b733a333a226e6577223b7d616c6572747c733a363a2264616e676572223b),
('32cf1a33f5ccf77ce8c02a3973d544d3622e2850', '116.206.29.15', 1533739740, 0x5f5f63695f6c6173745f726567656e65726174657c693a313533333733393734303b6e616d657c733a31313a226469646967616e74656e67223b656d61696c7c733a31323a22726f77406d61696c2e636f6d223b70617373776f72647c733a34303a2238333863393335326664666461643534643235303732396161373935316231656138643866383164223b757365725f69647c733a323a223831223b757365725f73746174657c733a313a2231223b6e696b7c733a303a22223b6c6576656c7c733a393a22535441464620414b53223b49535f4c4f47494e5f41444d494e7c623a313b),
('1f2c3501f0f3cd8714287a9ad7accd15642ca5b4', '116.206.29.15', 1533743365, 0x5f5f63695f6c6173745f726567656e65726174657c693a313533333734333336353b6e616d657c733a31313a226469646967616e74656e67223b656d61696c7c733a31323a22726f77406d61696c2e636f6d223b70617373776f72647c733a34303a2238333863393335326664666461643534643235303732396161373935316231656138643866383164223b757365725f69647c733a323a223831223b757365725f73746174657c733a313a2231223b6e696b7c733a303a22223b6c6576656c7c733a393a22535441464620414b53223b49535f4c4f47494e5f41444d494e7c623a313b),
('cb43163802815d5de5a4fa56169e242e451c9299', '116.206.29.15', 1533743469, 0x5f5f63695f6c6173745f726567656e65726174657c693a313533333734333336353b6e616d657c733a31313a226469646967616e74656e67223b656d61696c7c733a31323a22726f77406d61696c2e636f6d223b70617373776f72647c733a34303a2238333863393335326664666461643534643235303732396161373935316231656138643866383164223b757365725f69647c733a323a223831223b757365725f73746174657c733a313a2231223b6e696b7c733a303a22223b6c6576656c7c733a393a22535441464620414b53223b49535f4c4f47494e5f41444d494e7c623a313b),
('cb43163802815d5de5a4fa56169e242e451c9299', '180.214.232.69', 1533743774, 0x5f5f63695f6c6173745f726567656e65726174657c693a313533333734333731323b),
('a80c94135160769bfed0d2e113e1e59c7816f510', '64.233.173.30', 1533792113, 0x5f5f63695f6c6173745f726567656e65726174657c693a313533333739323131333b),
('a80c94135160769bfed0d2e113e1e59c7816f510', '64.233.173.29', 1533792113, 0x5f5f63695f6c6173745f726567656e65726174657c693a313533333739323131333b6d6573736167657c733a303a22223b5f5f63695f766172737c613a313a7b733a373a226d657373616765223b733a333a226e6577223b7d),
('62fb54f8a3ea317ea8e5b6a534884d1f56bfd798', '223.255.229.72', 1533792760, 0x5f5f63695f6c6173745f726567656e65726174657c693a313533333739323736303b),
('78b120fa56c835a4255b2d404987f915c6638499', '140.213.6.67', 1533797865, 0x5f5f63695f6c6173745f726567656e65726174657c693a313533333739373835323b6d6573736167657c733a303a22223b5f5f63695f766172737c613a313a7b733a373a226d657373616765223b733a333a226f6c64223b7d),
('a0d2de3e7940652af31f0e5c248912954a3d0abd', '182.253.44.166', 1533809076, 0x5f5f63695f6c6173745f726567656e65726174657c693a313533333830393037363b6d6573736167657c733a303a22223b5f5f63695f766172737c613a313a7b733a373a226d657373616765223b733a333a226f6c64223b7d),
('09015b1067567612a6d6ef543594ce373caf248d', '182.253.44.166', 1533809925, 0x5f5f63695f6c6173745f726567656e65726174657c693a313533333830393932353b),
('81a54307a890b347731e23c34702ea52bd757b84', '182.253.44.166', 1533810389, 0x5f5f63695f6c6173745f726567656e65726174657c693a313533333831303338393b),
('6e156e0b77e158b4373bf635c4c9753ab586d544', '182.253.44.166', 1533810389, 0x5f5f63695f6c6173745f726567656e65726174657c693a313533333831303338393b6d6573736167657c733a303a22223b5f5f63695f766172737c613a313a7b733a373a226d657373616765223b733a333a226e6577223b7d),
('bb384a3969b276ad27246a15b63c3abe536fb8fe', '182.253.44.166', 1533885540, 0x5f5f63695f6c6173745f726567656e65726174657c693a313533333838353534303b6d6573736167657c733a303a22223b5f5f63695f766172737c613a313a7b733a373a226d657373616765223b733a333a226e6577223b7d),
('63995e5b08eb72cbcfa45eb114beeed5984ae188', '180.214.232.69', 1533953370, 0x5f5f63695f6c6173745f726567656e65726174657c693a313533333935333332323b49535f4c4f47494e5f41444d494e7c623a313b6e616d657c733a343a22726f6f74223b656d61696c7c733a32333a22646964697472696177616e313340676d61696c2e636f6d223b70617373776f72647c733a34303a2238333863393335326664666461643534643235303732396161373935316231656138643866383164223b757365725f69647c733a313a2231223b757365725f73746174657c733a313a2231223b6e696b7c733a343a2231303030223b6c6576656c7c733a363a2253595354454d223b),
('40487775ed83f51de625de51090ed580d00f3ed2', '114.124.246.129', 1533954579, 0x5f5f63695f6c6173745f726567656e65726174657c693a313533333935343331373b6d6573736167657c733a303a22223b5f5f63695f766172737c613a313a7b733a373a226d657373616765223b733a333a226e6577223b7d),
('d51fa32bb350757a756d2f6d460e9d58588017e0', '180.214.232.69', 1533960856, 0x5f5f63695f6c6173745f726567656e65726174657c693a313533333936303835363b),
('54240f5b00bfa041db5556e399b13e9ea4c6e86d', '180.214.232.5', 1534054705, 0x5f5f63695f6c6173745f726567656e65726174657c693a313533343035343730353b6d6573736167657c733a303a22223b5f5f63695f766172737c613a313a7b733a373a226d657373616765223b733a333a226e6577223b7d),
('1f815d0e73bc11f8d3eafa85b2c6bdd221c2ba8f', '116.206.28.3', 1534086457, 0x5f5f63695f6c6173745f726567656e65726174657c693a313533343038363435373b6d6573736167657c733a303a22223b5f5f63695f766172737c613a313a7b733a373a226d657373616765223b733a333a226e6577223b7d),
('a617dece403650ecbc6c4072ac9a3de080009405', '182.253.44.166', 1534136121, 0x5f5f63695f6c6173745f726567656e65726174657c693a313533343133363132313b6d6573736167657c733a303a22223b5f5f63695f766172737c613a313a7b733a373a226d657373616765223b733a333a226e6577223b7d),
('c4a9aa33b48bccee35c56e0c06b4da071f31d11a', '182.253.44.166', 1534155555, 0x5f5f63695f6c6173745f726567656e65726174657c693a313533343135353535343b6d6573736167657c733a303a22223b5f5f63695f766172737c613a313a7b733a373a226d657373616765223b733a333a226e6577223b7d),
('612a3b8eb0982399b42f373148e4272f0da27975', '223.255.225.237', 1534183287, 0x5f5f63695f6c6173745f726567656e65726174657c693a313533343138333238373b6d6573736167657c733a303a22223b5f5f63695f766172737c613a313a7b733a373a226d657373616765223b733a333a226e6577223b7d),
('6c91047c195c2113a8ef54dcbdb45d369821e0f5', '182.253.44.166', 1534218051, 0x5f5f63695f6c6173745f726567656e65726174657c693a313533343231383035313b49535f4c4f47494e5f41444d494e7c623a313b6e616d657c733a343a22726f6f74223b656d61696c7c733a32333a22646964697472696177616e313340676d61696c2e636f6d223b70617373776f72647c733a34303a2238333863393335326664666461643534643235303732396161373935316231656138643866383164223b757365725f69647c733a313a2231223b757365725f73746174657c733a313a2231223b6e696b7c733a343a2231303030223b6c6576656c7c733a363a2253595354454d223b),
('c297026a063562fe6618e19f1ca37551be43461f', '182.253.44.166', 1534220486, 0x5f5f63695f6c6173745f726567656e65726174657c693a313533343232303438363b49535f4c4f47494e5f41444d494e7c623a313b6e616d657c733a343a22726f6f74223b656d61696c7c733a32333a22646964697472696177616e313340676d61696c2e636f6d223b70617373776f72647c733a34303a2238333863393335326664666461643534643235303732396161373935316231656138643866383164223b757365725f69647c733a313a2231223b757365725f73746174657c733a313a2231223b6e696b7c733a343a2231303030223b6c6576656c7c733a363a2253595354454d223b),
('f4a350e7ce025f0672430e71f2afc9946c751648', '182.253.44.166', 1534219439, 0x5f5f63695f6c6173745f726567656e65726174657c693a313533343231393433393b49535f4c4f47494e5f41444d494e7c623a313b6e616d657c733a343a22726f6f74223b656d61696c7c733a32333a22646964697472696177616e313340676d61696c2e636f6d223b70617373776f72647c733a34303a2238333863393335326664666461643534643235303732396161373935316231656138643866383164223b757365725f69647c733a313a2231223b757365725f73746174657c733a313a2231223b6e696b7c733a343a2231303030223b6c6576656c7c733a363a2253595354454d223b),
('0f55b5b7f13ea99738becaa68804f8c620f4064e', '182.253.44.166', 1534219903, 0x5f5f63695f6c6173745f726567656e65726174657c693a313533343231393930333b49535f4c4f47494e5f41444d494e7c623a313b6e616d657c733a343a22726f6f74223b656d61696c7c733a32333a22646964697472696177616e313340676d61696c2e636f6d223b70617373776f72647c733a34303a2238333863393335326664666461643534643235303732396161373935316231656138643866383164223b757365725f69647c733a313a2231223b757365725f73746174657c733a313a2231223b6e696b7c733a343a2231303030223b6c6576656c7c733a363a2253595354454d223b),
('2ec52f27879ded6df30c6d04b8f51189bb93c956', '182.253.44.166', 1534220275, 0x5f5f63695f6c6173745f726567656e65726174657c693a313533343232303237353b49535f4c4f47494e5f41444d494e7c623a313b6e616d657c733a343a22726f6f74223b656d61696c7c733a32333a22646964697472696177616e313340676d61696c2e636f6d223b70617373776f72647c733a34303a2238333863393335326664666461643534643235303732396161373935316231656138643866383164223b757365725f69647c733a313a2231223b757365725f73746174657c733a313a2231223b6e696b7c733a343a2231303030223b6c6576656c7c733a363a2253595354454d223b),
('8b287f9011238c30564d248797be29849bed0fbf', '182.253.44.166', 1534220896, 0x5f5f63695f6c6173745f726567656e65726174657c693a313533343232303839363b49535f4c4f47494e5f41444d494e7c623a313b6e616d657c733a343a22726f6f74223b656d61696c7c733a32333a22646964697472696177616e313340676d61696c2e636f6d223b70617373776f72647c733a34303a2238333863393335326664666461643534643235303732396161373935316231656138643866383164223b757365725f69647c733a313a2231223b757365725f73746174657c733a313a2231223b6e696b7c733a343a2231303030223b6c6576656c7c733a363a2253595354454d223b),
('b0c67ef32c772b8f47bfced3d8845f1fc6bec4a5', '182.253.44.166', 1534220844, 0x5f5f63695f6c6173745f726567656e65726174657c693a313533343232303834343b6e616d657c733a343a22726f6f74223b656d61696c7c733a32333a22646964697472696177616e313340676d61696c2e636f6d223b70617373776f72647c733a34303a2238333863393335326664666461643534643235303732396161373935316231656138643866383164223b757365725f69647c733a313a2231223b757365725f73746174657c733a313a2231223b6e696b7c733a343a2231303030223b6c6576656c7c733a363a2253595354454d223b),
('bd1da784669bd16f3c1950725845cfe0b7771591', '182.253.44.166', 1534221514, 0x5f5f63695f6c6173745f726567656e65726174657c693a313533343232313531343b6e616d657c733a343a22726f6f74223b656d61696c7c733a32333a22646964697472696177616e313340676d61696c2e636f6d223b70617373776f72647c733a34303a2238333863393335326664666461643534643235303732396161373935316231656138643866383164223b757365725f69647c733a313a2231223b757365725f73746174657c733a313a2231223b6e696b7c733a343a2231303030223b6c6576656c7c733a363a2253595354454d223b6d6573736167657c733a33303a22557365726e616d65206f722050617373776f72642069732077726f6e672e223b5f5f63695f766172737c613a313a7b733a373a226d657373616765223b733a333a226e6577223b7d),
('aed69f1a70378025d4c86732d79fdfcfac2512ac', '182.253.44.166', 1534221235, 0x5f5f63695f6c6173745f726567656e65726174657c693a313533343232313233353b6e616d657c733a343a22726f6f74223b656d61696c7c733a32333a22646964697472696177616e313340676d61696c2e636f6d223b70617373776f72647c733a34303a2238333863393335326664666461643534643235303732396161373935316231656138643866383164223b757365725f69647c733a313a2231223b757365725f73746174657c733a313a2231223b6e696b7c733a343a2231303030223b6c6576656c7c733a363a2253595354454d223b6d6573736167657c733a33303a22557365726e616d65206f722050617373776f72642069732077726f6e672e223b5f5f63695f766172737c613a313a7b733a373a226d657373616765223b733a333a226f6c64223b7d),
('9acd98c544416a6d22656eea37929a70c5dc0b46', '182.253.44.166', 1534221652, 0x5f5f63695f6c6173745f726567656e65726174657c693a313533343232313635323b6e616d657c733a333a22303031223b656d61696c7c733a31333a226c697461406c6974612e636f6d223b70617373776f72647c733a34303a2238333863393335326664666461643534643235303732396161373935316231656138643866383164223b757365725f69647c733a323a223833223b757365725f73746174657c733a313a2231223b6e696b7c733a343a2230303031223b6c6576656c7c733a393a22535441464620414b53223b6d6573736167657c733a303a22223b5f5f63695f766172737c613a313a7b733a373a226d657373616765223b733a333a226e6577223b7d),
('6398c1f8d146fb220714485e52538f476f101c55', '182.253.44.166', 1534221597, 0x5f5f63695f6c6173745f726567656e65726174657c693a313533343232313531343b6e616d657c733a343a22726f6f74223b656d61696c7c733a32333a22646964697472696177616e313340676d61696c2e636f6d223b70617373776f72647c733a34303a2238333863393335326664666461643534643235303732396161373935316231656138643866383164223b757365725f69647c733a313a2231223b757365725f73746174657c733a313a2231223b6e696b7c733a343a2231303030223b6c6576656c7c733a363a2253595354454d223b49535f4c4f47494e5f41444d494e7c623a313b),
('4112a90eab03814231e5791386b41dc966b7c649', '182.253.44.166', 1534222057, 0x5f5f63695f6c6173745f726567656e65726174657c693a313533343232323035373b6e616d657c733a343a22726f6f74223b656d61696c7c733a32333a22646964697472696177616e313340676d61696c2e636f6d223b70617373776f72647c733a34303a2238333863393335326664666461643534643235303732396161373935316231656138643866383164223b757365725f69647c733a313a2231223b757365725f73746174657c733a313a2231223b6e696b7c733a343a2231303030223b6c6576656c7c733a363a2253595354454d223b49535f4c4f47494e5f41444d494e7c623a313b),
('fc135968f01c881d7f7ee6287fdbd0cd035de577', '182.253.44.166', 1534222967, 0x5f5f63695f6c6173745f726567656e65726174657c693a313533343232323936373b6e616d657c733a343a22726f6f74223b656d61696c7c733a32333a22646964697472696177616e313340676d61696c2e636f6d223b70617373776f72647c733a34303a2238333863393335326664666461643534643235303732396161373935316231656138643866383164223b757365725f69647c733a313a2231223b757365725f73746174657c733a313a2231223b6e696b7c733a343a2231303030223b6c6576656c7c733a363a2253595354454d223b49535f4c4f47494e5f41444d494e7c623a313b);
INSERT INTO `ci_sessions` (`id`, `ip_address`, `timestamp`, `data`) VALUES
('dc16740a85f019016b6faee0052d0b49f18fe9a7', '182.253.44.166', 1534226740, 0x5f5f63695f6c6173745f726567656e65726174657c693a313533343232363734303b6e616d657c733a343a22726f6f74223b656d61696c7c733a32333a22646964697472696177616e313340676d61696c2e636f6d223b70617373776f72647c733a34303a2238333863393335326664666461643534643235303732396161373935316231656138643866383164223b757365725f69647c733a313a2231223b757365725f73746174657c733a313a2231223b6e696b7c733a343a2231303030223b6c6576656c7c733a363a2253595354454d223b49535f4c4f47494e5f41444d494e7c623a313b),
('80eb5e82390032fe5b7527749a7a7494670575c7', '182.253.44.166', 1534227093, 0x5f5f63695f6c6173745f726567656e65726174657c693a313533343232373039333b6e616d657c733a343a22726f6f74223b656d61696c7c733a32333a22646964697472696177616e313340676d61696c2e636f6d223b70617373776f72647c733a34303a2238333863393335326664666461643534643235303732396161373935316231656138643866383164223b757365725f69647c733a313a2231223b757365725f73746174657c733a313a2231223b6e696b7c733a343a2231303030223b6c6576656c7c733a363a2253595354454d223b6d6573736167657c733a34383a223c703e54686520557365726e616d65206f7220456d61696c206669656c642069732072657175697265642e3c2f703e0a223b5f5f63695f766172737c613a313a7b733a373a226d657373616765223b733a333a226e6577223b7d),
('ae1f533d2a148fbcf8bf0264d91b5306203a3757', '182.253.44.166', 1534232403, 0x5f5f63695f6c6173745f726567656e65726174657c693a313533343233323430333b6e616d657c733a343a22726f6f74223b656d61696c7c733a32333a22646964697472696177616e313340676d61696c2e636f6d223b70617373776f72647c733a34303a2238333863393335326664666461643534643235303732396161373935316231656138643866383164223b757365725f69647c733a313a2231223b757365725f73746174657c733a313a2231223b6e696b7c733a343a2231303030223b6c6576656c7c733a363a2253595354454d223b6d6573736167657c733a34383a223c703e54686520557365726e616d65206f7220456d61696c206669656c642069732072657175697265642e3c2f703e0a223b5f5f63695f766172737c613a313a7b733a373a226d657373616765223b733a333a226e6577223b7d),
('1243779c144bd845a173b2f97df947248b8be82d', '182.253.44.166', 1534233474, 0x5f5f63695f6c6173745f726567656e65726174657c693a313533343233333437343b6e616d657c733a343a22726f6f74223b656d61696c7c733a32333a22646964697472696177616e313340676d61696c2e636f6d223b70617373776f72647c733a34303a2238333863393335326664666461643534643235303732396161373935316231656138643866383164223b757365725f69647c733a313a2231223b757365725f73746174657c733a313a2231223b6e696b7c733a343a2231303030223b6c6576656c7c733a363a2253595354454d223b6d6573736167657c733a303a22223b5f5f63695f766172737c613a313a7b733a373a226d657373616765223b733a333a226e6577223b7d),
('e6076faff3495e3ac27a60d8dc19f128b2fa084f', '182.253.44.166', 1534240141, 0x5f5f63695f6c6173745f726567656e65726174657c693a313533343234303134313b6e616d657c733a343a22726f6f74223b656d61696c7c733a32333a22646964697472696177616e313340676d61696c2e636f6d223b70617373776f72647c733a34303a2238333863393335326664666461643534643235303732396161373935316231656138643866383164223b757365725f69647c733a313a2231223b757365725f73746174657c733a313a2231223b6e696b7c733a343a2231303030223b6c6576656c7c733a363a2253595354454d223b6d6573736167657c733a34383a223c703e54686520557365726e616d65206f7220456d61696c206669656c642069732072657175697265642e3c2f703e0a223b5f5f63695f766172737c613a313a7b733a373a226d657373616765223b733a333a226e6577223b7d),
('354f2b21fa371184c240fe4dafb298984f352c1e', '182.253.44.166', 1534240937, 0x5f5f63695f6c6173745f726567656e65726174657c693a313533343234303933373b6d6573736167657c733a303a22223b5f5f63695f766172737c613a313a7b733a373a226d657373616765223b733a333a226e6577223b7d),
('f72894ae14db906b9acfaccbb26345eae5662eaf', '182.253.44.166', 1534240454, 0x5f5f63695f6c6173745f726567656e65726174657c693a313533343234303435343b6e616d657c733a343a22726f6f74223b656d61696c7c733a32333a22646964697472696177616e313340676d61696c2e636f6d223b70617373776f72647c733a34303a2238333863393335326664666461643534643235303732396161373935316231656138643866383164223b757365725f69647c733a313a2231223b757365725f73746174657c733a313a2231223b6e696b7c733a343a2231303030223b6c6576656c7c733a363a2253595354454d223b6d6573736167657c733a34383a223c703e54686520557365726e616d65206f7220456d61696c206669656c642069732072657175697265642e3c2f703e0a223b5f5f63695f766172737c613a313a7b733a373a226d657373616765223b733a333a226e6577223b7d),
('553731c59c767b7e793cfb525305babac78fa29b', '182.253.44.166', 1534240878, 0x5f5f63695f6c6173745f726567656e65726174657c693a313533343234303837383b6e616d657c733a343a22726f6f74223b656d61696c7c733a32333a22646964697472696177616e313340676d61696c2e636f6d223b70617373776f72647c733a34303a2238333863393335326664666461643534643235303732396161373935316231656138643866383164223b757365725f69647c733a313a2231223b757365725f73746174657c733a313a2231223b6e696b7c733a353a223130303031223b6c6576656c7c733a363a2253595354454d223b49535f4c4f47494e5f41444d494e7c623a313b),
('7eed458971b8a6b2c50052554bd96cb4452cb6c0', '182.253.44.166', 1534245434, 0x5f5f63695f6c6173745f726567656e65726174657c693a313533343234353433343b6e616d657c733a343a22726f6f74223b656d61696c7c733a32333a22646964697472696177616e313340676d61696c2e636f6d223b70617373776f72647c733a34303a2238333863393335326664666461643534643235303732396161373935316231656138643866383164223b757365725f69647c733a313a2231223b757365725f73746174657c733a313a2231223b6e696b7c733a353a223130303031223b6c6576656c7c733a363a2253595354454d223b49535f4c4f47494e5f41444d494e7c623a313b),
('1739c2986eabd916569b9cff6a5f53b3e24c099c', '182.253.44.166', 1534241259, 0x5f5f63695f6c6173745f726567656e65726174657c693a313533343234313235393b49535f4c4f47494e5f41444d494e7c623a313b6e616d657c733a343a22726f6f74223b656d61696c7c733a32333a22646964697472696177616e313340676d61696c2e636f6d223b70617373776f72647c733a34303a2238333863393335326664666461643534643235303732396161373935316231656138643866383164223b757365725f69647c733a313a2231223b757365725f73746174657c733a313a2231223b6e696b7c733a353a223130303031223b6c6576656c7c733a363a2253595354454d223b),
('a90934e1a34b7482a4af70be02bb13ff3557b8ff', '182.253.44.166', 1534241596, 0x5f5f63695f6c6173745f726567656e65726174657c693a313533343234313539363b49535f4c4f47494e5f41444d494e7c623a313b6e616d657c733a343a22726f6f74223b656d61696c7c733a32333a22646964697472696177616e313340676d61696c2e636f6d223b70617373776f72647c733a34303a2238333863393335326664666461643534643235303732396161373935316231656138643866383164223b757365725f69647c733a313a2231223b757365725f73746174657c733a313a2231223b6e696b7c733a353a223130303031223b6c6576656c7c733a363a2253595354454d223b),
('3f8f588432880b0bb06cfbb990e9d70127ac4400', '182.253.44.166', 1534241596, 0x5f5f63695f6c6173745f726567656e65726174657c693a313533343234313539363b49535f4c4f47494e5f41444d494e7c623a313b6e616d657c733a343a22726f6f74223b656d61696c7c733a32333a22646964697472696177616e313340676d61696c2e636f6d223b70617373776f72647c733a34303a2238333863393335326664666461643534643235303732396161373935316231656138643866383164223b757365725f69647c733a313a2231223b757365725f73746174657c733a313a2231223b6e696b7c733a353a223130303031223b6c6576656c7c733a363a2253595354454d223b),
('4698b1d6c2bc182c0c7c8aeb6cd801a2a2e20e07', '223.255.230.227', 1534244134, 0x5f5f63695f6c6173745f726567656e65726174657c693a313533343234343133343b49535f4c4f47494e5f41444d494e7c623a313b6e616d657c733a343a22726f6f74223b656d61696c7c733a32333a22646964697472696177616e313340676d61696c2e636f6d223b70617373776f72647c733a34303a2238333863393335326664666461643534643235303732396161373935316231656138643866383164223b757365725f69647c733a313a2231223b757365725f73746174657c733a313a2231223b6e696b7c733a353a223130303031223b6c6576656c7c733a363a2253595354454d223b),
('e3a5579bb007c84db5f5ea3775d1b446b80be38f', '223.255.230.227', 1534244209, 0x5f5f63695f6c6173745f726567656e65726174657c693a313533343234343133343b6e616d657c733a343a22726f6f74223b656d61696c7c733a32333a22646964697472696177616e313340676d61696c2e636f6d223b70617373776f72647c733a34303a2238333863393335326664666461643534643235303732396161373935316231656138643866383164223b757365725f69647c733a313a2231223b757365725f73746174657c733a313a2231223b6e696b7c733a353a223130303031223b6c6576656c7c733a363a2253595354454d223b6d6573736167657c733a303a22223b5f5f63695f766172737c613a313a7b733a373a226d657373616765223b733a333a226e6577223b7d),
('47774024ab5b047511caec5341edb822566b9b5b', '182.253.44.166', 1534245597, 0x5f5f63695f6c6173745f726567656e65726174657c693a313533343234353433343b6e616d657c4e3b656d61696c7c733a303a22223b70617373776f72647c733a34303a2238333863393335326664666461643534643235303732396161373935316231656138643866383164223b757365725f69647c733a333a22313739223b757365725f73746174657c733a313a2230223b6e696b7c733a343a2230303437223b6c6576656c7c733a393a22535441464620414b53223b6d6573736167657c733a303a22223b5f5f63695f766172737c613a313a7b733a373a226d657373616765223b733a333a226e6577223b7d),
('5acd2f853dc3962996674f99fb1b04a7589e1e0b', '116.206.28.28', 1534362065, 0x5f5f63695f6c6173745f726567656e65726174657c693a313533343336323036353b6d6573736167657c733a303a22223b5f5f63695f766172737c613a313a7b733a373a226d657373616765223b733a333a226e6577223b7d),
('1e12ce61c8de5da256a0c2e14a21766cdbf878a6', '182.253.44.166', 1534387528, 0x5f5f63695f6c6173745f726567656e65726174657c693a313533343338373532383b6d6573736167657c733a303a22223b5f5f63695f766172737c613a313a7b733a373a226d657373616765223b733a333a226e6577223b7d),
('e8087e4e2e5ae5181cbc174819aba4414e85b20a', '182.253.44.166', 1535079938, 0x5f5f63695f6c6173745f726567656e65726174657c693a313533353037393839383b49535f4c4f47494e5f41444d494e7c623a313b6e616d657c733a343a22726f6f74223b656d61696c7c733a32333a22646964697472696177616e313340676d61696c2e636f6d223b70617373776f72647c733a34303a2238333863393335326664666461643534643235303732396161373935316231656138643866383164223b757365725f69647c733a313a2231223b757365725f73746174657c733a313a2231223b6e696b7c733a353a223130303031223b6c6576656c7c733a363a2253595354454d223b),
('iphekeokg17esq3gh4pe4j00ivrt7pfi', '::1', 1535966965, 0x5f5f63695f6c6173745f726567656e65726174657c693a313533353936363936353b),
('brig1621b63e0t4fmc75sc39mee5e2mf', '::1', 1535966966, 0x5f5f63695f6c6173745f726567656e65726174657c693a313533353936363936353b),
('gt29oe88mps6a1ogn9pginnpfb774fjg', '127.0.0.1', 1535968171, 0x5f5f63695f6c6173745f726567656e65726174657c693a313533353936383137313b49535f4c4f47494e5f41444d494e7c623a313b6e616d657c733a343a22726f6f74223b656d61696c7c733a32333a22646964697472696177616e313340676d61696c2e636f6d223b70617373776f72647c733a34303a2238333863393335326664666461643534643235303732396161373935316231656138643866383164223b757365725f69647c733a313a2231223b757365725f73746174657c733a313a2231223b6e696b7c733a353a223130303031223b6c6576656c7c733a363a2253595354454d223b),
('ed9qv2tq0o16eon689gu5tivficrgvip', '127.0.0.1', 1535973549, 0x5f5f63695f6c6173745f726567656e65726174657c693a313533353937333534393b49535f4c4f47494e5f41444d494e7c623a313b6e616d657c733a343a22726f6f74223b656d61696c7c733a32333a22646964697472696177616e313340676d61696c2e636f6d223b70617373776f72647c733a34303a2238333863393335326664666461643534643235303732396161373935316231656138643866383164223b757365725f69647c733a313a2231223b757365725f73746174657c733a313a2231223b6e696b7c733a353a223130303031223b6c6576656c7c733a363a2253595354454d223b),
('psu66ir1ete4sbjih8hgfd44ndcloavc', '127.0.0.1', 1535974391, 0x5f5f63695f6c6173745f726567656e65726174657c693a313533353937343339313b49535f4c4f47494e5f41444d494e7c623a313b6e616d657c733a343a22726f6f74223b656d61696c7c733a32333a22646964697472696177616e313340676d61696c2e636f6d223b70617373776f72647c733a34303a2238333863393335326664666461643534643235303732396161373935316231656138643866383164223b757365725f69647c733a313a2231223b757365725f73746174657c733a313a2231223b6e696b7c733a353a223130303031223b6c6576656c7c733a363a2253595354454d223b),
('tf2gpsjmkm208qsef8g1ntlqq3smk02c', '127.0.0.1', 1535974402, 0x5f5f63695f6c6173745f726567656e65726174657c693a313533353937343339313b6e616d657c733a343a22726f6f74223b656d61696c7c733a32333a22646964697472696177616e313340676d61696c2e636f6d223b70617373776f72647c733a34303a2238333863393335326664666461643534643235303732396161373935316231656138643866383164223b757365725f69647c733a313a2231223b757365725f73746174657c733a313a2231223b6e696b7c733a353a223130303031223b6c6576656c7c733a363a2253595354454d223b49535f4c4f47494e5f41444d494e7c623a313b),
('v0t5h0asdrdlr1018qb410akfas02nek', '::1', 1536127677, 0x5f5f63695f6c6173745f726567656e65726174657c693a313533363132373637363b),
('pbk7ll8sg8q0qc2ouutv2kcnl7tfdp9e', '127.0.0.1', 1536127908, 0x5f5f63695f6c6173745f726567656e65726174657c693a313533363132373637373b49535f4c4f47494e5f41444d494e7c623a313b6e616d657c733a343a22726f6f74223b656d61696c7c733a32333a22646964697472696177616e313340676d61696c2e636f6d223b70617373776f72647c733a34303a2238333863393335326664666461643534643235303732396161373935316231656138643866383164223b757365725f69647c733a313a2231223b757365725f73746174657c733a313a2231223b6e696b7c733a353a223130303031223b6c6576656c7c733a363a2253595354454d223b);

-- --------------------------------------------------------

--
-- Table structure for table `mst_divisi`
--

CREATE TABLE `mst_divisi` (
  `divisi_id` bigint(11) UNSIGNED NOT NULL,
  `divisi_name` varchar(50) DEFAULT NULL
) ENGINE=InnoDB DEFAULT CHARSET=latin1;

--
-- Dumping data for table `mst_divisi`
--

INSERT INTO `mst_divisi` (`divisi_id`, `divisi_name`) VALUES
(1, 'HRD'),
(2, 'IT'),
(3, 'FINANCE'),
(4, 'GA'),
(5, 'HSBC TL'),
(6, 'HSBC ADMIN '),
(7, 'HSBC DC'),
(8, 'HSBC SECURITY'),
(9, 'HSBC OFFICE BOY');

-- --------------------------------------------------------

--
-- Table structure for table `mst_sallary`
--

CREATE TABLE `mst_sallary` (
  `sall_id` int(11) NOT NULL,
  `sall_periode_date` date DEFAULT NULL,
  `sall_is_doc_path` varchar(100) DEFAULT NULL,
  `sall_is_active` tinyint(4) DEFAULT '1' COMMENT '0=delete;1=active',
  `sall_upload_date` date DEFAULT NULL
) ENGINE=InnoDB DEFAULT CHARSET=latin1;

-- --------------------------------------------------------

--
-- Table structure for table `mst_user`
--

CREATE TABLE `mst_user` (
  `user_id` int(10) UNSIGNED NOT NULL,
  `user_full_name` varchar(50) DEFAULT NULL,
  `user_name` varchar(50) DEFAULT NULL,
  `user_email` varchar(50) NOT NULL,
  `user_password` varchar(100) DEFAULT NULL,
  `user_role_id` int(11) DEFAULT NULL,
  `user_divisi_id` int(11) DEFAULT NULL,
  `user_position` varchar(50) DEFAULT NULL,
  `user_site` varchar(50) DEFAULT NULL,
  `user` int(11) NOT NULL,
  `user_nik` varchar(50) DEFAULT NULL,
  `user_is_active` tinyint(4) DEFAULT '1' COMMENT '0=nonactive;1=active',
  `user_last_login` datetime DEFAULT '0000-00-00 00:00:00',
  `user_state` tinyint(4) DEFAULT '0' COMMENT '0=logout;1=login',
  `user_unique_code` varchar(50) DEFAULT NULL,
  `user_forgot_passtime` datetime DEFAULT '0000-00-00 00:00:00',
  `user_ip_address` varchar(50) DEFAULT NULL,
  `user_created_date` datetime DEFAULT '0000-00-00 00:00:00',
  `user_updated_date` datetime DEFAULT NULL,
  `user_register_date` datetime DEFAULT NULL
) ENGINE=InnoDB DEFAULT CHARSET=latin1;

--
-- Dumping data for table `mst_user`
--

INSERT INTO `mst_user` (`user_id`, `user_full_name`, `user_name`, `user_email`, `user_password`, `user_role_id`, `user_divisi_id`, `user_position`, `user_site`, `user`, `user_nik`, `user_is_active`, `user_last_login`, `user_state`, `user_unique_code`, `user_forgot_passtime`, `user_ip_address`, `user_created_date`, `user_updated_date`, `user_register_date`) VALUES
(1, 'SYSTEM APPLICATION', 'root', 'diditriawan13@gmail.com', '838c9352fdfdad54d250729aa7951b1ea8d8f81d', 1, 0, NULL, NULL, 0, '10001', 1, '2018-09-05 08:09:13', 1, '5b6afe8f1288d', '0000-00-00 00:00:00', '127.0.0.1', '2018-08-08 09:19:27', NULL, '2018-08-08 09:19:27'),
(133, 'Syabarudin', NULL, '', '838c9352fdfdad54d250729aa7951b1ea8d8f81d', 3, NULL, 'GM', 'INTERNAL', 0, '0001', 1, '0000-00-00 00:00:00', 0, NULL, '0000-00-00 00:00:00', NULL, '2018-08-14 10:09:27', NULL, '2018-08-14 10:09:27'),
(134, 'Agung Winata Praja', NULL, '', '838c9352fdfdad54d250729aa7951b1ea8d8f81d', 3, NULL, 'Finance', 'INTERNAL', 0, '0002', 1, '0000-00-00 00:00:00', 0, NULL, '0000-00-00 00:00:00', NULL, '2018-08-14 10:09:27', NULL, '2018-08-14 10:09:27'),
(135, 'Febrina Rogelia', NULL, '', '838c9352fdfdad54d250729aa7951b1ea8d8f81d', 3, NULL, 'Finance', 'INTERNAL', 0, '0003', 1, '0000-00-00 00:00:00', 0, NULL, '0000-00-00 00:00:00', NULL, '2018-08-14 10:09:27', NULL, '2018-08-14 10:09:27'),
(136, 'Bagus Nugraha', NULL, '', '838c9352fdfdad54d250729aa7951b1ea8d8f81d', 3, NULL, 'Finance', 'INTERNAL', 0, '0004', 1, '0000-00-00 00:00:00', 0, NULL, '0000-00-00 00:00:00', NULL, '2018-08-14 10:09:27', NULL, '2018-08-14 10:09:27'),
(137, 'Mahadi', NULL, '', '838c9352fdfdad54d250729aa7951b1ea8d8f81d', 3, NULL, 'GA Manager', 'INTERNAL', 0, '0005', 1, '0000-00-00 00:00:00', 0, NULL, '0000-00-00 00:00:00', NULL, '2018-08-14 10:09:27', NULL, '2018-08-14 10:09:27'),
(138, 'Muhamaad Ikhsan', NULL, '', '838c9352fdfdad54d250729aa7951b1ea8d8f81d', 3, NULL, 'Adm GA', 'INTERNAL', 0, '0006', 1, '0000-00-00 00:00:00', 0, NULL, '0000-00-00 00:00:00', NULL, '2018-08-14 10:09:27', NULL, '2018-08-14 10:09:27'),
(139, 'Eka Saputra', NULL, '', '838c9352fdfdad54d250729aa7951b1ea8d8f81d', 3, NULL, 'Office Boy', 'INTERNAL', 0, '0007', 1, '0000-00-00 00:00:00', 0, NULL, '0000-00-00 00:00:00', NULL, '2018-08-14 10:09:27', NULL, '2018-08-14 10:09:27'),
(140, 'Eka Nova Nurpriyono', NULL, '', '838c9352fdfdad54d250729aa7951b1ea8d8f81d', 3, NULL, 'Office Boy', 'INTERNAL', 0, '0008', 1, '0000-00-00 00:00:00', 0, NULL, '0000-00-00 00:00:00', NULL, '2018-08-14 10:09:27', NULL, '2018-08-14 10:09:27'),
(141, 'Hadi', NULL, '', '838c9352fdfdad54d250729aa7951b1ea8d8f81d', 3, NULL, 'Office Boy', 'INTERNAL', 0, '0009', 1, '0000-00-00 00:00:00', 0, NULL, '0000-00-00 00:00:00', NULL, '2018-08-14 10:09:27', NULL, '2018-08-14 10:09:27'),
(142, 'Mohamad Rizki Saputra', NULL, '', '838c9352fdfdad54d250729aa7951b1ea8d8f81d', 3, NULL, 'Office Boy', 'INTERNAL', 0, '0010', 1, '0000-00-00 00:00:00', 0, NULL, '0000-00-00 00:00:00', NULL, '2018-08-14 10:09:27', NULL, '2018-08-14 10:09:27'),
(143, 'M Gunawan Sopian', NULL, '', '838c9352fdfdad54d250729aa7951b1ea8d8f81d', 3, NULL, 'Office Boy', 'INTERNAL', 0, '0011', 1, '0000-00-00 00:00:00', 0, NULL, '0000-00-00 00:00:00', NULL, '2018-08-14 10:09:27', NULL, '2018-08-14 10:09:27'),
(144, 'Adi Waskito Lubis', NULL, '', '838c9352fdfdad54d250729aa7951b1ea8d8f81d', 3, NULL, 'Office Boy', 'INTERNAL', 0, '0012', 1, '0000-00-00 00:00:00', 0, NULL, '0000-00-00 00:00:00', NULL, '2018-08-14 10:09:27', NULL, '2018-08-14 10:09:27'),
(145, 'Herman Syahwani', NULL, '', '838c9352fdfdad54d250729aa7951b1ea8d8f81d', 3, NULL, 'Office Boy', 'INTERNAL', 0, '0013', 1, '0000-00-00 00:00:00', 0, NULL, '0000-00-00 00:00:00', NULL, '2018-08-14 10:09:27', NULL, '2018-08-14 10:09:27'),
(146, 'Afit Faisal', NULL, '', '838c9352fdfdad54d250729aa7951b1ea8d8f81d', 3, NULL, 'Office Boy', 'INTERNAL', 0, '0014', 1, '0000-00-00 00:00:00', 0, NULL, '0000-00-00 00:00:00', NULL, '2018-08-14 10:09:27', NULL, '2018-08-14 10:09:27'),
(147, 'Rohmat Purnama', NULL, '', '838c9352fdfdad54d250729aa7951b1ea8d8f81d', 3, NULL, 'Office Boy', 'INTERNAL', 0, '0015', 1, '0000-00-00 00:00:00', 0, NULL, '0000-00-00 00:00:00', NULL, '2018-08-14 10:09:27', NULL, '2018-08-14 10:09:27'),
(148, 'Sonny Aritias', NULL, '', '838c9352fdfdad54d250729aa7951b1ea8d8f81d', 3, NULL, 'Office Boy', 'INTERNAL', 0, '0016', 1, '0000-00-00 00:00:00', 0, NULL, '0000-00-00 00:00:00', NULL, '2018-08-14 10:09:27', NULL, '2018-08-14 10:09:27'),
(149, 'Anggun Mustafa', NULL, '', '838c9352fdfdad54d250729aa7951b1ea8d8f81d', 3, NULL, 'Office Boy', 'INTERNAL', 0, '0017', 1, '0000-00-00 00:00:00', 0, NULL, '0000-00-00 00:00:00', NULL, '2018-08-14 10:09:27', NULL, '2018-08-14 10:09:27'),
(150, 'Agus Zakaria', NULL, '', '838c9352fdfdad54d250729aa7951b1ea8d8f81d', 3, NULL, 'Office Boy', 'INTERNAL', 0, '0018', 1, '0000-00-00 00:00:00', 0, NULL, '0000-00-00 00:00:00', NULL, '2018-08-14 10:09:27', NULL, '2018-08-14 10:09:27'),
(151, 'Satria Ardiansyah Alwi', NULL, '', '838c9352fdfdad54d250729aa7951b1ea8d8f81d', 3, NULL, 'Security', 'INTERNAL', 0, '0019', 1, '0000-00-00 00:00:00', 0, NULL, '0000-00-00 00:00:00', NULL, '2018-08-14 10:09:27', NULL, '2018-08-14 10:09:27'),
(152, 'Rusdi Risdiantoro', NULL, '', '838c9352fdfdad54d250729aa7951b1ea8d8f81d', 3, NULL, 'Security', 'INTERNAL', 0, '0020', 1, '0000-00-00 00:00:00', 0, NULL, '0000-00-00 00:00:00', NULL, '2018-08-14 10:09:27', NULL, '2018-08-14 10:09:27'),
(153, 'Taallama Ilman', NULL, '', '838c9352fdfdad54d250729aa7951b1ea8d8f81d', 3, NULL, 'Security', 'INTERNAL', 0, '0021', 1, '0000-00-00 00:00:00', 0, NULL, '0000-00-00 00:00:00', NULL, '2018-08-14 10:09:27', NULL, '2018-08-14 10:09:27'),
(154, 'April Agus Susanto', NULL, '', '838c9352fdfdad54d250729aa7951b1ea8d8f81d', 3, NULL, 'Security', 'INTERNAL', 0, '0022', 1, '0000-00-00 00:00:00', 0, NULL, '0000-00-00 00:00:00', NULL, '2018-08-14 10:09:27', NULL, '2018-08-14 10:09:27'),
(155, 'Priyono', NULL, '', '838c9352fdfdad54d250729aa7951b1ea8d8f81d', 3, NULL, 'Security', 'INTERNAL', 0, '0023', 1, '0000-00-00 00:00:00', 0, NULL, '0000-00-00 00:00:00', NULL, '2018-08-14 10:09:27', NULL, '2018-08-14 10:09:27'),
(156, 'Rachmat Danuri', NULL, '', '838c9352fdfdad54d250729aa7951b1ea8d8f81d', 3, NULL, 'Security', 'INTERNAL', 0, '0024', 1, '0000-00-00 00:00:00', 0, NULL, '0000-00-00 00:00:00', NULL, '2018-08-14 10:09:27', NULL, '2018-08-14 10:09:27'),
(157, 'M Fadlan Mutholib', NULL, '', '838c9352fdfdad54d250729aa7951b1ea8d8f81d', 3, NULL, 'Security', 'INTERNAL', 0, '0025', 1, '0000-00-00 00:00:00', 0, NULL, '0000-00-00 00:00:00', NULL, '2018-08-14 10:09:27', NULL, '2018-08-14 10:09:27'),
(158, 'Ika Widya Rohmawati', NULL, '', '838c9352fdfdad54d250729aa7951b1ea8d8f81d', 3, NULL, 'HRD Manager / GM', 'INTERNAL', 0, '0026', 1, '0000-00-00 00:00:00', 0, NULL, '0000-00-00 00:00:00', NULL, '2018-08-14 10:09:27', NULL, '2018-08-14 10:09:27'),
(159, 'Ferdina Anggraini', NULL, '', '838c9352fdfdad54d250729aa7951b1ea8d8f81d', 3, NULL, 'HRD Recrutment', 'INTERNAL', 0, '0027', 1, '0000-00-00 00:00:00', 0, NULL, '0000-00-00 00:00:00', NULL, '2018-08-14 10:09:27', NULL, '2018-08-14 10:09:27'),
(160, 'Puji Lestari', NULL, '', '838c9352fdfdad54d250729aa7951b1ea8d8f81d', 3, NULL, 'HRD', 'INTERNAL', 0, '0028', 1, '0000-00-00 00:00:00', 0, NULL, '0000-00-00 00:00:00', NULL, '2018-08-14 10:09:27', NULL, '2018-08-14 10:09:27'),
(161, 'Jenny Mahgriet Barunawati Pechler, SH', NULL, '', '838c9352fdfdad54d250729aa7951b1ea8d8f81d', 3, NULL, 'HRD', 'INTERNAL', 0, '0029', 1, '0000-00-00 00:00:00', 0, NULL, '0000-00-00 00:00:00', NULL, '2018-08-14 10:09:27', NULL, '2018-08-14 10:09:27'),
(162, 'Ghea Puspa Ayu', NULL, '', '838c9352fdfdad54d250729aa7951b1ea8d8f81d', 3, NULL, 'HRD Trainer', 'INTERNAL', 0, '0030', 1, '0000-00-00 00:00:00', 0, NULL, '0000-00-00 00:00:00', NULL, '2018-08-14 10:09:27', NULL, '2018-08-14 10:09:27'),
(163, 'Maulana Sarif Hidayat', NULL, '', '838c9352fdfdad54d250729aa7951b1ea8d8f81d', 3, NULL, 'HRD', 'INTERNAL', 0, '0031', 1, '0000-00-00 00:00:00', 0, NULL, '0000-00-00 00:00:00', NULL, '2018-08-14 10:09:27', NULL, '2018-08-14 10:09:27'),
(164, 'Mini Wanito Sari', NULL, '', '838c9352fdfdad54d250729aa7951b1ea8d8f81d', 3, NULL, 'IT Head', 'INTERNAL', 0, '0032', 1, '0000-00-00 00:00:00', 0, NULL, '0000-00-00 00:00:00', NULL, '2018-08-14 10:09:27', NULL, '2018-08-14 10:09:27'),
(165, 'Asep Hermansyah', NULL, '', '838c9352fdfdad54d250729aa7951b1ea8d8f81d', 3, NULL, 'IT Support', 'INTERNAL', 0, '0033', 1, '0000-00-00 00:00:00', 0, NULL, '0000-00-00 00:00:00', NULL, '2018-08-14 10:09:27', NULL, '2018-08-14 10:09:27'),
(166, 'Afif Rahman', NULL, '', '838c9352fdfdad54d250729aa7951b1ea8d8f81d', 3, NULL, 'IT Support', 'INTERNAL', 0, '0034', 1, '0000-00-00 00:00:00', 0, NULL, '0000-00-00 00:00:00', NULL, '2018-08-14 10:09:27', NULL, '2018-08-14 10:09:27'),
(167, 'Putra Pratama Novera', NULL, '', '838c9352fdfdad54d250729aa7951b1ea8d8f81d', 3, NULL, 'IT Support', 'INTERNAL', 0, '0035', 1, '0000-00-00 00:00:00', 0, NULL, '0000-00-00 00:00:00', NULL, '2018-08-14 10:09:27', NULL, '2018-08-14 10:09:27'),
(168, 'Lutfi Abdulloh', NULL, '', '838c9352fdfdad54d250729aa7951b1ea8d8f81d', 3, NULL, 'IT Support', 'INTERNAL', 0, '0036', 1, '0000-00-00 00:00:00', 0, NULL, '0000-00-00 00:00:00', NULL, '2018-08-14 10:09:27', NULL, '2018-08-14 10:09:27'),
(169, 'Marlina Dian Safitri', NULL, '', '838c9352fdfdad54d250729aa7951b1ea8d8f81d', 3, NULL, 'IT Support', 'INTERNAL', 0, '0037', 1, '0000-00-00 00:00:00', 0, NULL, '0000-00-00 00:00:00', NULL, '2018-08-14 10:09:27', NULL, '2018-08-14 10:09:27'),
(170, 'Ade Very Maulansyah', NULL, '', '838c9352fdfdad54d250729aa7951b1ea8d8f81d', 3, NULL, 'IT Support', 'INTERNAL', 0, '0038', 1, '0000-00-00 00:00:00', 0, NULL, '0000-00-00 00:00:00', NULL, '2018-08-14 10:09:27', NULL, '2018-08-14 10:09:27'),
(171, 'Dendi Hasan Bahari', NULL, '', '838c9352fdfdad54d250729aa7951b1ea8d8f81d', 3, NULL, 'IT Support', 'INTERNAL', 0, '0039', 1, '0000-00-00 00:00:00', 0, NULL, '0000-00-00 00:00:00', NULL, '2018-08-14 10:09:27', NULL, '2018-08-14 10:09:27'),
(172, 'Ahmad Ubaidillah', NULL, '', '838c9352fdfdad54d250729aa7951b1ea8d8f81d', 3, NULL, 'IT Support', 'INTERNAL', 0, '0040', 1, '0000-00-00 00:00:00', 0, NULL, '0000-00-00 00:00:00', NULL, '2018-08-14 10:09:27', NULL, '2018-08-14 10:09:27'),
(173, 'Dede Agus Mauludin', NULL, '', '838c9352fdfdad54d250729aa7951b1ea8d8f81d', 3, NULL, 'IT Support', 'INTERNAL', 0, '0041', 1, '0000-00-00 00:00:00', 0, NULL, '0000-00-00 00:00:00', NULL, '2018-08-14 10:09:27', NULL, '2018-08-14 10:09:27'),
(174, 'Kagama Nanda Pratama', NULL, '', '838c9352fdfdad54d250729aa7951b1ea8d8f81d', 3, NULL, 'IT Support', 'INTERNAL', 0, '0042', 1, '0000-00-00 00:00:00', 0, NULL, '0000-00-00 00:00:00', NULL, '2018-08-14 10:09:27', NULL, '2018-08-14 10:09:27'),
(175, 'Sidiq Pratomo', NULL, '', '838c9352fdfdad54d250729aa7951b1ea8d8f81d', 3, NULL, 'IT Support', 'INTERNAL', 0, '0043', 1, '0000-00-00 00:00:00', 0, NULL, '0000-00-00 00:00:00', NULL, '2018-08-14 10:09:27', NULL, '2018-08-14 10:09:27'),
(176, 'Derisas Alhases', NULL, '', '838c9352fdfdad54d250729aa7951b1ea8d8f81d', 3, NULL, 'IT Support', 'INTERNAL', 0, '0044', 1, '0000-00-00 00:00:00', 0, NULL, '0000-00-00 00:00:00', NULL, '2018-08-14 10:09:27', NULL, '2018-08-14 10:09:27'),
(177, 'Kurnain Arsyi Ramadhan', NULL, '', '838c9352fdfdad54d250729aa7951b1ea8d8f81d', 3, NULL, 'IT Programmer', 'INTERNAL', 0, '0045', 1, '0000-00-00 00:00:00', 0, NULL, '0000-00-00 00:00:00', NULL, '2018-08-14 10:09:27', NULL, '2018-08-14 10:09:27'),
(178, 'M Ghifari Yeri Pratama', NULL, '', '838c9352fdfdad54d250729aa7951b1ea8d8f81d', 3, NULL, 'IT Programmer', 'INTERNAL', 0, '0046', 1, '0000-00-00 00:00:00', 0, NULL, '0000-00-00 00:00:00', NULL, '2018-08-14 10:09:27', NULL, '2018-08-14 10:09:27'),
(179, 'Didi Triawan', NULL, '', '838c9352fdfdad54d250729aa7951b1ea8d8f81d', 3, NULL, 'IT Programmer', 'INTERNAL', 0, '0047', 1, '2018-08-14 11:19:09', 1, NULL, '0000-00-00 00:00:00', '182.253.44.166', '2018-08-14 10:09:27', NULL, '2018-08-14 10:09:27');

-- --------------------------------------------------------

--
-- Table structure for table `tbl_upload`
--

CREATE TABLE `tbl_upload` (
  `upload_id` bigint(20) UNSIGNED NOT NULL,
  `periode_date` date NOT NULL,
  `nik` varchar(50) NOT NULL,
  `name` varchar(50) NOT NULL,
  `code` varchar(20) NOT NULL,
  `status` varchar(20) DEFAULT NULL,
  `team` varchar(30) DEFAULT NULL,
  `work_days` bigint(20) DEFAULT NULL,
  `position` varchar(20) DEFAULT NULL,
  `basic_sallary` varchar(50) DEFAULT NULL,
  `sallary_prorate` varchar(50) DEFAULT NULL,
  `tunjangan_jabatan` varchar(50) DEFAULT NULL,
  `over_time` varchar(50) DEFAULT NULL,
  `commision_xtradana` varchar(50) DEFAULT NULL,
  `total_bruto` varchar(50) DEFAULT NULL,
  `commision` varchar(50) DEFAULT NULL,
  `tenaga_kerja_a` varchar(50) DEFAULT NULL,
  `pensiun` varchar(50) DEFAULT NULL,
  `kesehatan_a` varchar(50) DEFAULT NULL,
  `total_gaji_bruto` varchar(50) DEFAULT NULL,
  `pph_pasal_21` varchar(50) DEFAULT NULL,
  `tenaga_kerja_b` varchar(50) DEFAULT NULL,
  `bpjs_pensiun_a` varchar(50) DEFAULT NULL,
  `kesehatan_b` varchar(50) DEFAULT NULL,
  `pinjaman` varchar(50) DEFAULT NULL,
  `bpjs_pensiun_b` varchar(50) DEFAULT NULL,
  `potongan_lain` varchar(50) DEFAULT NULL,
  `thp` varchar(50) DEFAULT NULL,
  `gross_sallary` varchar(50) DEFAULT NULL,
  `tunjangan_pph21` varchar(50) DEFAULT NULL,
  `upload_date` datetime DEFAULT NULL,
  `user_upload_id` int(11) DEFAULT NULL
) ENGINE=InnoDB DEFAULT CHARSET=latin1;

--
-- Dumping data for table `tbl_upload`
--

INSERT INTO `tbl_upload` (`upload_id`, `periode_date`, `nik`, `name`, `code`, `status`, `team`, `work_days`, `position`, `basic_sallary`, `sallary_prorate`, `tunjangan_jabatan`, `over_time`, `commision_xtradana`, `total_bruto`, `commision`, `tenaga_kerja_a`, `pensiun`, `kesehatan_a`, `total_gaji_bruto`, `pph_pasal_21`, `tenaga_kerja_b`, `bpjs_pensiun_a`, `kesehatan_b`, `pinjaman`, `bpjs_pensiun_b`, `potongan_lain`, `thp`, `gross_sallary`, `tunjangan_pph21`, `upload_date`, `user_upload_id`) VALUES
(1, '2018-07-25', '0001', 'Syabarudin', '0001', 'ACTIVE', '', 0, 'GM', 'MTAwMDAwMDA=', 'MTAwMDAwMDA=', '', '', '', 'MTAwMDAwMDA=', 'MA==', 'MA==', 'MA==', 'MA==', 'MTAwMDAwMDA=', 'MTAwMDAw', 'MA==', 'MA==', 'MA==', '', 'MA==', '', 'OTkwMDAwMA==', 'MTAwMDAwMDA=', 'MTAwMDAw', '2018-08-14 04:24:32', 1),
(2, '2018-07-25', '0002', 'Agung Winata Praja', '0002', 'ACTIVE', '', 0, 'Finance', 'MTAwMDAwMDA=', 'MTAwMDAwMDA=', '', '', '', 'MTAwMDAwMDA=', 'MA==', 'MTAwMDAw', 'MTAwMDAw', 'MTAwMDAw', 'MTAzMDAwMDA=', 'MTAwMDAw', 'MTAwMDAw', 'MTAwMDAw', 'MA==', '', 'NDAwMDAw', '', 'OTgwMDAwMA==', 'OTkwMDAwMA==', 'MTAwMDAw', '2018-08-14 04:24:32', 1),
(3, '2018-07-25', '0003', 'Febrina Rogelia', '0003', 'ACTIVE', '', 0, 'Finance', 'MTAwMDAwMDA=', 'MTAwMDAwMDA=', '', '', '', 'MTAwMDAwMDA=', 'MA==', 'MTAwMDAw', 'MTAwMDAw', 'MTAwMDAw', 'MTAzMDAwMDA=', 'MTAwMDAw', 'MTAwMDAw', 'MTAwMDAw', 'MA==', '', 'NDAwMDAw', '', 'OTgwMDAwMA==', 'OTkwMDAwMA==', 'MTAwMDAw', '2018-08-14 04:24:32', 1),
(4, '2018-07-25', '0004', 'Bagus Nugraha', '0004', 'ACTIVE', '', 0, 'Finance', 'MTAwMDAwMDA=', 'MTAwMDAwMDA=', '', '', '', 'MTAwMDAwMDA=', 'MA==', 'MTAwMDAw', 'MTAwMDAw', 'MTAwMDAw', 'MTAzMDAwMDA=', 'MTAwMDAw', 'MTAwMDAw', 'MTAwMDAw', 'MA==', 'NTAwMDAw', 'NDAwMDAw', '', 'OTMwMDAwMA==', 'OTQwMDAwMA==', 'MTAwMDAw', '2018-08-14 04:24:32', 1),
(5, '2018-07-25', '0005', 'Mahadi', '0005', 'ACTIVE', '', 0, 'GA Manager', 'MTAwMDAwMDA=', 'MTAwMDAwMDA=', '', '', '', 'MTAwMDAwMDA=', 'MA==', 'MTAwMDAw', 'MTAwMDAw', 'MTAwMDAw', 'MTAzMDAwMDA=', 'MTAwMDAw', 'MTAwMDAw', 'MTAwMDAw', 'MA==', '', 'NDAwMDAw', '', 'OTgwMDAwMA==', 'OTkwMDAwMA==', 'MTAwMDAw', '2018-08-14 04:24:32', 1),
(6, '2018-07-25', '0006', 'Muhamaad Ikhsan', '0006', 'ACTIVE', '', 0, 'Adm GA', 'MTAwMDAwMDA=', 'MTAwMDAwMDA=', '', '', '', 'MTAwMDAwMDA=', 'MA==', 'MTAwMDAw', 'MTAwMDAw', 'MTAwMDAw', 'MTAzMDAwMDA=', 'MTAwMDAw', 'MTAwMDAw', 'MTAwMDAw', 'MA==', '', 'NDAwMDAw', '', 'OTgwMDAwMA==', 'OTkwMDAwMA==', 'MTAwMDAw', '2018-08-14 04:24:32', 1),
(7, '2018-07-25', '0007', 'Eka Saputra', '0007', 'ACTIVE', '', 0, 'Office Boy', 'MTAwMDAwMDA=', 'MTAwMDAwMDA=', '', 'MTM1NDY4Mi4wODA5MjQ4NTY=', '', 'MTEzNTQ2ODIuMDgwOTI0ODY=', 'MA==', 'MTAwMDAw', 'MTAwMDAw', 'MTAwMDAw', 'MTE2NTQ2ODIuMDgwOTI0ODY=', 'MTAwMDAw', 'MTAwMDAw', 'MTAwMDAw', 'MA==', 'MjAwMDAw', 'NDAwMDAw', '', 'MTA5NTQ2ODIuMDgwOTI0ODY=', 'MTEwNTQ2ODIuMDgwOTI0ODY=', 'MTAwMDAw', '2018-08-14 04:24:32', 1),
(8, '2018-07-25', '0008', 'Eka Nova Nurpriyono', '0008', 'ACTIVE', '', 0, 'Office Boy', 'MTAwMDAwMDA=', 'MTAwMDAwMDA=', '', '', '', 'MTAwMDAwMDA=', 'MA==', 'MTAwMDAw', 'MTAwMDAw', 'MTAwMDAw', 'MTAzMDAwMDA=', 'MTAwMDAw', 'MTAwMDAw', 'MTAwMDAw', 'MA==', 'MjAwMDAw', 'NDAwMDAw', '', 'OTYwMDAwMA==', 'OTcwMDAwMA==', 'MTAwMDAw', '2018-08-14 04:24:32', 1),
(9, '2018-07-25', '0009', 'Hadi', '0009', 'ACTIVE', '', 0, 'Office Boy', 'MTAwMDAwMDA=', 'MTAwMDAwMDA=', '', '', '', 'MTAwMDAwMDA=', 'MA==', 'MTAwMDAw', 'MTAwMDAw', 'MTAwMDAw', 'MTAzMDAwMDA=', 'MTAwMDAw', 'MTAwMDAw', 'MTAwMDAw', 'MA==', '', 'NDAwMDAw', '', 'OTgwMDAwMA==', 'OTkwMDAwMA==', 'MTAwMDAw', '2018-08-14 04:24:32', 1),
(10, '2018-07-25', '0010', 'Mohamad Rizki Saputra', '0010', 'ACTIVE', '', 0, 'Office Boy', 'MTAwMDAwMDA=', 'MTAwMDAwMDA=', '', '', '', 'MTAwMDAwMDA=', 'MA==', 'MTAwMDAw', 'MTAwMDAw', 'MTAwMDAw', 'MTAzMDAwMDA=', 'MTAwMDAw', 'MTAwMDAw', 'MTAwMDAw', 'MA==', '', 'NDAwMDAw', '', 'OTgwMDAwMA==', 'OTkwMDAwMA==', 'MTAwMDAw', '2018-08-14 04:24:32', 1),
(11, '2018-07-25', '0011', 'M Gunawan Sopian', '0011', 'ACTIVE', '', 0, 'Office Boy', 'MTAwMDAwMDA=', 'MTAwMDAwMDA=', '', '', '', 'MTAwMDAwMDA=', 'MA==', 'MTAwMDAw', 'MTAwMDAw', 'MTAwMDAw', 'MTAzMDAwMDA=', 'MTAwMDAw', 'MTAwMDAw', 'MTAwMDAw', 'MA==', '', 'NDAwMDAw', '', 'OTgwMDAwMA==', 'OTkwMDAwMA==', 'MTAwMDAw', '2018-08-14 04:24:32', 1),
(12, '2018-07-25', '0012', 'Adi Waskito Lubis', '0012', 'ACTIVE', '', 0, 'Office Boy', 'MTAwMDAwMDA=', 'MTAwMDAwMDA=', '', '', '', 'MTAwMDAwMDA=', 'MA==', 'MTAwMDAw', 'MTAwMDAw', 'MTAwMDAw', 'MTAzMDAwMDA=', 'MTAwMDAw', 'MTAwMDAw', 'MTAwMDAw', 'MA==', '', 'NDAwMDAw', '', 'OTgwMDAwMA==', 'OTkwMDAwMA==', 'MTAwMDAw', '2018-08-14 04:24:32', 1),
(13, '2018-07-25', '0013', 'Herman Syahwani', '0013', 'ACTIVE', '', 0, 'Office Boy', 'MTAwMDAwMDA=', 'MTAwMDAwMDA=', '', '', '', 'MTAwMDAwMDA=', 'MA==', 'MTAwMDAw', 'MTAwMDAw', 'MTAwMDAw', 'MTAzMDAwMDA=', 'MTAwMDAw', 'MTAwMDAw', 'MTAwMDAw', 'MA==', 'MjUwMDAw', 'NDAwMDAw', '', 'OTU1MDAwMA==', 'OTY1MDAwMA==', 'MTAwMDAw', '2018-08-14 04:24:32', 1),
(14, '2018-07-25', '0014', 'Afit Faisal', '0014', 'ACTIVE', '', 0, 'Office Boy', 'MTAwMDAwMDA=', 'MTAwMDAwMDA=', '', '', '', 'MTAwMDAwMDA=', 'MA==', 'MTAwMDAw', 'MTAwMDAw', 'MTAwMDAw', 'MTAzMDAwMDA=', 'MTAwMDAw', 'MTAwMDAw', 'MTAwMDAw', 'MA==', '', 'NDAwMDAw', '', 'OTgwMDAwMA==', 'OTkwMDAwMA==', 'MTAwMDAw', '2018-08-14 04:24:32', 1),
(15, '2018-07-25', '0015', 'Rohmat Purnama', '0015', 'ACTIVE', '', 0, 'Office Boy', 'MTAwMDAwMDA=', 'MTAwMDAwMDA=', '', '', '', 'MTAwMDAwMDA=', 'MA==', 'MTAwMDAw', 'MTAwMDAw', 'MTAwMDAw', 'MTAzMDAwMDA=', 'MTAwMDAw', 'MTAwMDAw', 'MTAwMDAw', 'MA==', '', 'NDAwMDAw', '', 'OTgwMDAwMA==', 'OTkwMDAwMA==', 'MTAwMDAw', '2018-08-14 04:24:32', 1),
(16, '2018-07-25', '0016', 'Sonny Aritias', '0016', 'ACTIVE', '', 0, 'Office Boy', 'MTAwMDAwMDA=', 'MTAwMDAwMDA=', '', '', '', 'MTAwMDAwMDA=', 'MA==', 'MTAwMDAw', 'MTAwMDAw', 'MTAwMDAw', 'MTAzMDAwMDA=', 'MTAwMDAw', 'MTAwMDAw', 'MTAwMDAw', 'MA==', '', 'NDAwMDAw', '', 'OTgwMDAwMA==', 'OTkwMDAwMA==', 'MTAwMDAw', '2018-08-14 04:24:32', 1),
(17, '2018-07-25', '0017', 'Anggun Mustafa', '0017', 'ACTIVE', '', 0, 'Office Boy', 'MTAwMDAwMDA=', 'MTAwMDAwMDA=', '', '', '', 'MTAwMDAwMDA=', 'MA==', 'MTAwMDAw', 'MTAwMDAw', 'MTAwMDAw', 'MTAzMDAwMDA=', 'MTAwMDAw', 'MTAwMDAw', 'MTAwMDAw', 'MA==', '', 'NDAwMDAw', '', 'OTgwMDAwMA==', 'OTkwMDAwMA==', 'MTAwMDAw', '2018-08-14 04:24:32', 1),
(18, '2018-07-25', '0018', 'Agus Zakaria', '0018', 'ACTIVE', '', 0, 'Office Boy', 'MTAwMDAwMDA=', 'MTAwMDAwMDA=', '', '', '', 'MTAwMDAwMDA=', 'MA==', 'MTAwMDAw', 'MTAwMDAw', 'MTAwMDAw', 'MTAzMDAwMDA=', 'MTAwMDAw', 'MTAwMDAw', 'MTAwMDAw', 'MA==', '', 'NDAwMDAw', '', 'OTgwMDAwMA==', 'OTkwMDAwMA==', 'MTAwMDAw', '2018-08-14 04:24:32', 1),
(19, '2018-07-25', '0019', 'Satria Ardiansyah Alwi', '0019', 'ACTIVE', '', 0, 'Security', 'MTAwMDAwMDA=', 'MTAwMDAwMDA=', '', '', '', 'MTAwMDAwMDA=', 'MA==', 'MTAwMDAw', 'MTAwMDAw', 'MTAwMDAw', 'MTAzMDAwMDA=', 'MTAwMDAw', 'MTAwMDAw', 'MTAwMDAw', 'MA==', '', 'NDAwMDAw', '', 'OTgwMDAwMA==', 'OTkwMDAwMA==', 'MTAwMDAw', '2018-08-14 04:24:32', 1),
(20, '2018-07-25', '0020', 'Rusdi Risdiantoro', '0020', 'ACTIVE', '', 0, 'Security', 'MTAwMDAwMDA=', 'MTAwMDAwMDA=', '', 'MTQxODcyOC4zMjM2OTk0MjI=', '', 'MTE0MTg3MjguMzIzNjk5NDI=', 'MA==', 'MTAwMDAw', 'MTAwMDAw', 'MTAwMDAw', 'MTE3MTg3MjguMzIzNjk5NDI=', 'MTAwMDAw', 'MTAwMDAw', 'MTAwMDAw', 'MA==', '', 'NDAwMDAw', '', 'MTEyMTg3MjguMzIzNjk5NDI=', 'MTEzMTg3MjguMzIzNjk5NDI=', 'MTAwMDAw', '2018-08-14 04:24:32', 1),
(21, '2018-07-25', '0021', 'Taallama Ilman', '0021', 'ACTIVE', '', 0, 'Security', 'MTAwMDAwMDA=', 'MTAwMDAwMDA=', '', '', '', 'MTAwMDAwMDA=', 'MA==', 'MTAwMDAw', 'MTAwMDAw', 'MTAwMDAw', 'MTAzMDAwMDA=', 'MTAwMDAw', 'MTAwMDAw', 'MTAwMDAw', 'MA==', '', 'NDAwMDAw', '', 'OTgwMDAwMA==', 'OTkwMDAwMA==', 'MTAwMDAw', '2018-08-14 04:24:32', 1),
(22, '2018-07-25', '0022', 'April Agus Susanto', '0022', 'ACTIVE', '', 0, 'Security', 'MTAwMDAwMDA=', 'MTAwMDAwMDA=', '', '', '', 'MTAwMDAwMDA=', 'MA==', 'MTAwMDAw', 'MTAwMDAw', 'MTAwMDAw', 'MTAzMDAwMDA=', 'MTAwMDAw', 'MTAwMDAw', 'MTAwMDAw', 'MA==', 'MzAwMDAw', 'NDAwMDAw', '', 'OTUwMDAwMA==', 'OTYwMDAwMA==', 'MTAwMDAw', '2018-08-14 04:24:32', 1),
(23, '2018-07-25', '0023', 'Priyono', '0023', 'ACTIVE', '', 0, 'Security', 'MTAwMDAwMDA=', 'MTAwMDAwMDA=', '', '', '', 'MTAwMDAwMDA=', 'MA==', 'MTAwMDAw', 'MTAwMDAw', 'MTAwMDAw', 'MTAzMDAwMDA=', 'MTAwMDAw', 'MTAwMDAw', 'MTAwMDAw', 'MA==', '', 'NDAwMDAw', '', 'OTgwMDAwMA==', 'OTkwMDAwMA==', 'MTAwMDAw', '2018-08-14 04:24:32', 1),
(24, '2018-07-25', '0024', 'Rachmat Danuri', '0024', 'ACTIVE', '', 0, 'Security', 'MTAwMDAwMDA=', 'MTAwMDAwMDA=', '', '', '', 'MTAwMDAwMDA=', 'MA==', 'MTAwMDAw', 'MTAwMDAw', 'MTAwMDAw', 'MTAzMDAwMDA=', 'MTAwMDAw', 'MTAwMDAw', 'MTAwMDAw', 'MA==', '', 'NDAwMDAw', '', 'OTgwMDAwMA==', 'OTkwMDAwMA==', 'MTAwMDAw', '2018-08-14 04:24:32', 1),
(25, '2018-07-25', '0025', 'M Fadlan Mutholib', '0025', 'ACTIVE', '', 0, 'Security', 'MTAwMDAwMDA=', 'MTAwMDAwMDA=', '', '', '', 'MTAwMDAwMDA=', 'MA==', 'MTAwMDAw', 'MTAwMDAw', 'MTAwMDAw', 'MTAzMDAwMDA=', 'MTAwMDAw', 'MTAwMDAw', 'MTAwMDAw', 'MA==', '', 'NDAwMDAw', '', 'OTgwMDAwMA==', 'OTkwMDAwMA==', 'MTAwMDAw', '2018-08-14 04:24:32', 1),
(26, '2018-07-25', '0026', 'Ika Widya Rohmawati', '0026', 'ACTIVE', '', 0, 'HRD Manager / GM', 'MTAwMDAwMDA=', 'MTAwMDAwMDA=', '', '', '', 'MTAwMDAwMDA=', 'MA==', 'MTAwMDAw', 'MTAwMDAw', 'MTAwMDAw', 'MTAzMDAwMDA=', 'MTAwMDAw', 'MTAwMDAw', 'MTAwMDAw', 'MA==', '', 'NDAwMDAw', '', 'OTgwMDAwMA==', 'OTkwMDAwMA==', 'MTAwMDAw', '2018-08-14 04:24:32', 1),
(27, '2018-07-25', '0027', 'Ferdina Anggraini', '0027', 'ACTIVE', '', 0, 'HRD Recrutment', 'MTAwMDAwMDA=', 'MTAwMDAwMDA=', '', '', '', 'MTAwMDAwMDA=', 'MA==', 'MTAwMDAw', 'MTAwMDAw', 'MTAwMDAw', 'MTAzMDAwMDA=', 'MTAwMDAw', 'MTAwMDAw', 'MTAwMDAw', 'MA==', '', 'NDAwMDAw', '', 'OTgwMDAwMA==', 'OTkwMDAwMA==', 'MTAwMDAw', '2018-08-14 04:24:32', 1),
(28, '2018-07-25', '0028', 'Puji Lestari', '0028', 'ACTIVE', '', 0, 'HRD', 'MTAwMDAwMDA=', 'MTAwMDAwMDA=', '', '', '', 'MTAwMDAwMDA=', 'MA==', 'MTAwMDAw', 'MTAwMDAw', 'MTAwMDAw', 'MTAzMDAwMDA=', 'MTAwMDAw', 'MTAwMDAw', 'MTAwMDAw', 'MA==', '', 'NDAwMDAw', '', 'OTgwMDAwMA==', 'OTkwMDAwMA==', 'MTAwMDAw', '2018-08-14 04:24:32', 1),
(29, '2018-07-25', '0029', 'Jenny Mahgriet Barunawati Pechler, SH', '0029', 'ACTIVE', '', 0, 'HRD', 'MTAwMDAwMDA=', 'MTAwMDAwMDA=', '', '', '', 'MTAwMDAwMDA=', 'MA==', 'MTAwMDAw', 'MTAwMDAw', 'MTAwMDAw', 'MTAzMDAwMDA=', 'MTAwMDAw', 'MTAwMDAw', 'MTAwMDAw', 'MA==', '', 'NDAwMDAw', '', 'OTgwMDAwMA==', 'OTkwMDAwMA==', 'MTAwMDAw', '2018-08-14 04:24:32', 1),
(30, '2018-07-25', '0030', 'Ghea Puspa Ayu', '0030', 'ACTIVE', '', 0, 'HRD Trainer', 'MTAwMDAwMDA=', 'MTAwMDAwMDA=', '', '', '', 'MTAwMDAwMDA=', 'MA==', 'MTAwMDAw', 'MTAwMDAw', 'MTAwMDAw', 'MTAzMDAwMDA=', 'MTAwMDAw', 'MTAwMDAw', 'MTAwMDAw', 'MA==', '', 'NDAwMDAw', '', 'OTgwMDAwMA==', 'OTkwMDAwMA==', 'MTAwMDAw', '2018-08-14 04:24:32', 1),
(31, '2018-07-25', '0031', 'Maulana Sarif Hidayat', '0031', 'ACTIVE', '', 0, 'HRD', 'MTAwMDAwMDA=', 'MTAwMDAwMDA=', '', '', '', 'MTAwMDAwMDA=', 'MA==', 'MTAwMDAw', 'MTAwMDAw', 'MTAwMDAw', 'MTAzMDAwMDA=', 'MTAwMDAw', 'MTAwMDAw', 'MTAwMDAw', 'MA==', '', 'NDAwMDAw', '', 'OTgwMDAwMA==', 'OTkwMDAwMA==', 'MTAwMDAw', '2018-08-14 04:24:32', 1),
(32, '2018-07-25', '0032', 'Mini Wanito Sari', '0032', 'ACTIVE', '', 0, 'IT Head', 'MTAwMDAwMDA=', 'MTAwMDAwMDA=', '', '', '', 'MTAwMDAwMDA=', 'MA==', 'MTAwMDAw', 'MTAwMDAw', 'MTAwMDAw', 'MTAzMDAwMDA=', 'MTAwMDAw', 'MTAwMDAw', 'MTAwMDAw', 'MA==', '', 'NDAwMDAw', '', 'OTgwMDAwMA==', 'OTkwMDAwMA==', 'MTAwMDAw', '2018-08-14 04:24:32', 1),
(33, '2018-07-25', '0033', 'Asep Hermansyah', '0033', 'ACTIVE', '', 0, 'IT Support', 'MTAwMDAwMDA=', 'MTAwMDAwMDA=', '', '', '', 'MTAwMDAwMDA=', 'MA==', 'MTAwMDAw', 'MTAwMDAw', 'MTAwMDAw', 'MTAzMDAwMDA=', 'MTAwMDAw', 'MTAwMDAw', 'MTAwMDAw', 'MA==', '', 'NDAwMDAw', '', 'OTgwMDAwMA==', 'OTkwMDAwMA==', 'MTAwMDAw', '2018-08-14 04:24:32', 1),
(34, '2018-07-25', '0034', 'Afif Rahman', '0034', 'ACTIVE', '', 0, 'IT Support', 'MTAwMDAwMDA=', 'MTAwMDAwMDA=', '', '', '', 'MTAwMDAwMDA=', 'MA==', 'MTAwMDAw', 'MTAwMDAw', 'MTAwMDAw', 'MTAzMDAwMDA=', 'MTAwMDAw', 'MTAwMDAw', 'MTAwMDAw', 'MA==', '', 'NDAwMDAw', '', 'OTgwMDAwMA==', 'OTkwMDAwMA==', 'MTAwMDAw', '2018-08-14 04:24:32', 1),
(35, '2018-07-25', '0035', 'Putra Pratama Novera', '0035', 'ACTIVE', '', 0, 'IT Support', 'MTAwMDAwMDA=', 'MTAwMDAwMDA=', '', '', '', 'MTAwMDAwMDA=', 'MA==', 'MTAwMDAw', 'MTAwMDAw', 'MTAwMDAw', 'MTAzMDAwMDA=', 'MTAwMDAw', 'MTAwMDAw', 'MTAwMDAw', 'MA==', '', 'NDAwMDAw', '', 'OTgwMDAwMA==', 'OTkwMDAwMA==', 'MTAwMDAw', '2018-08-14 04:24:32', 1),
(36, '2018-07-25', '0036', 'Lutfi Abdulloh', '0036', 'ACTIVE', '', 0, 'IT Support', 'MTAwMDAwMDA=', 'MTAwMDAwMDA=', '', '', '', 'MTAwMDAwMDA=', 'MA==', 'MTAwMDAw', 'MTAwMDAw', 'MTAwMDAw', 'MTAzMDAwMDA=', 'MTAwMDAw', 'MTAwMDAw', 'MTAwMDAw', 'MA==', '', 'NDAwMDAw', '', 'OTgwMDAwMA==', 'OTkwMDAwMA==', 'MTAwMDAw', '2018-08-14 04:24:32', 1),
(37, '2018-07-25', '0037', 'Marlina Dian Safitri', '0037', 'ACTIVE', '', 0, 'IT Support', 'MTAwMDAwMDA=', 'MTAwMDAwMDA=', '', '', '', 'MTAwMDAwMDA=', 'MA==', 'MTAwMDAw', 'MTAwMDAw', 'MTAwMDAw', 'MTAzMDAwMDA=', 'MTAwMDAw', 'MTAwMDAw', 'MTAwMDAw', 'MA==', '', 'NDAwMDAw', '', 'OTgwMDAwMA==', 'OTkwMDAwMA==', 'MTAwMDAw', '2018-08-14 04:24:32', 1),
(38, '2018-07-25', '0038', 'Ade Very Maulansyah', '0038', 'ACTIVE', '', 0, 'IT Support', 'MTAwMDAwMDA=', 'MTAwMDAwMDA=', '', '', '', 'MTAwMDAwMDA=', 'MA==', 'MTAwMDAw', 'MTAwMDAw', 'MTAwMDAw', 'MTAzMDAwMDA=', 'MTAwMDAw', 'MTAwMDAw', 'MTAwMDAw', 'MA==', '', 'NDAwMDAw', '', 'OTgwMDAwMA==', 'OTkwMDAwMA==', 'MTAwMDAw', '2018-08-14 04:24:32', 1),
(39, '2018-07-25', '0039', 'Dendi Hasan Bahari', '0039', 'ACTIVE', '', 0, 'IT Support', 'MTAwMDAwMDA=', 'MTAwMDAwMDA=', '', '', '', 'MTAwMDAwMDA=', 'MA==', 'MTAwMDAw', 'MTAwMDAw', 'MTAwMDAw', 'MTAzMDAwMDA=', 'MTAwMDAw', 'MTAwMDAw', 'MTAwMDAw', 'MA==', '', 'NDAwMDAw', '', 'OTgwMDAwMA==', 'OTkwMDAwMA==', 'MTAwMDAw', '2018-08-14 04:24:32', 1),
(40, '2018-07-25', '0040', 'Ahmad Ubaidillah', '0040', 'ACTIVE', '', 0, 'IT Support', 'MTAwMDAwMDA=', 'MTAwMDAwMDA=', '', '', '', 'MTAwMDAwMDA=', 'MA==', 'MTAwMDAw', 'MTAwMDAw', 'MTAwMDAw', 'MTAzMDAwMDA=', 'MTAwMDAw', 'MTAwMDAw', 'MTAwMDAw', 'MA==', '', 'NDAwMDAw', '', 'OTgwMDAwMA==', 'OTkwMDAwMA==', 'MTAwMDAw', '2018-08-14 04:24:32', 1),
(41, '2018-07-25', '0041', 'Dede Agus Mauludin', '0041', 'ACTIVE', '', 0, 'IT Support', 'MTAwMDAwMDA=', 'MTAwMDAwMDA=', '', '', '', 'MTAwMDAwMDA=', 'MA==', 'MTAwMDAw', 'MTAwMDAw', 'MTAwMDAw', 'MTAzMDAwMDA=', 'MTAwMDAw', 'MTAwMDAw', 'MTAwMDAw', 'MA==', '', 'NDAwMDAw', '', 'OTgwMDAwMA==', 'OTkwMDAwMA==', 'MTAwMDAw', '2018-08-14 04:24:32', 1),
(42, '2018-07-25', '0042', 'Kagama Nanda Pratama', '0042', 'ACTIVE', '', 0, 'IT Support', 'MTAwMDAwMDA=', 'MTAwMDAwMDA=', '', '', '', 'MTAwMDAwMDA=', 'MA==', 'MTAwMDAw', 'MTAwMDAw', 'MTAwMDAw', 'MTAzMDAwMDA=', 'MTAwMDAw', 'MTAwMDAw', 'MTAwMDAw', 'MA==', '', 'NDAwMDAw', '', 'OTgwMDAwMA==', 'OTkwMDAwMA==', 'MTAwMDAw', '2018-08-14 04:24:32', 1),
(43, '2018-07-25', '0043', 'Sidiq Pratomo', '0043', 'ACTIVE', '', 0, 'IT Support', 'MTAwMDAwMDA=', 'MTAwMDAwMDA=', '', '', '', 'MTAwMDAwMDA=', 'MA==', 'MTAwMDAw', 'MTAwMDAw', 'MTAwMDAw', 'MTAzMDAwMDA=', 'MTAwMDAw', 'MTAwMDAw', 'MTAwMDAw', 'MA==', '', 'NDAwMDAw', '', 'OTgwMDAwMA==', 'OTkwMDAwMA==', 'MTAwMDAw', '2018-08-14 04:24:32', 1),
(44, '2018-07-25', '0044', 'Derisas Alhases', '0044', 'ACTIVE', '', 0, 'IT Support', 'MTAwMDAwMDA=', 'MTAwMDAwMDA=', '', '', '', 'MTAwMDAwMDA=', 'MA==', 'MTAwMDAw', 'MTAwMDAw', 'MTAwMDAw', 'MTAzMDAwMDA=', 'MTAwMDAw', 'MTAwMDAw', 'MTAwMDAw', 'MA==', '', 'NDAwMDAw', '', 'OTgwMDAwMA==', 'OTkwMDAwMA==', 'MTAwMDAw', '2018-08-14 04:24:32', 1),
(45, '2018-07-25', '0045', 'Kurnain Arsyi Ramadhan', '0045', 'ACTIVE', '', 0, 'IT Programmer', 'MTAwMDAwMDA=', 'MTAwMDAwMDA=', '', '', '', 'MTAwMDAwMDA=', 'MA==', 'MTAwMDAw', 'MTAwMDAw', 'MTAwMDAw', 'MTAzMDAwMDA=', 'MTAwMDAw', 'MTAwMDAw', 'MTAwMDAw', 'MA==', '', 'NDAwMDAw', '', 'OTgwMDAwMA==', 'OTkwMDAwMA==', 'MTAwMDAw', '2018-08-14 04:24:32', 1),
(46, '2018-07-25', '0046', 'M Ghifari Yeri Pratama', '0046', 'ACTIVE', '', 0, 'IT Programmer', 'MTAwMDAwMDA=', 'MTAwMDAwMDA=', '', '', '', 'MTAwMDAwMDA=', 'MA==', 'MTAwMDAw', 'MTAwMDAw', 'MTAwMDAw', 'MTAzMDAwMDA=', 'MTAwMDAw', 'MTAwMDAw', 'MTAwMDAw', 'MA==', '', 'NDAwMDAw', '', 'OTgwMDAwMA==', 'OTkwMDAwMA==', 'MTAwMDAw', '2018-08-14 04:24:32', 1),
(47, '2018-07-25', '0047', 'Didi Triawan', '0047', 'ACTIVE', '', 0, 'IT Programmer', 'MTAwMDAwMDA=', 'MTAwMDAwMDA=', '', '', '', 'MTAwMDAwMDA=', 'MA==', 'MTAwMDAw', 'MTAwMDAw', 'MTAwMDAw', 'MTAzMDAwMDA=', 'MTAwMDAw', 'MTAwMDAw', 'MTAwMDAw', 'MA==', '', 'NDAwMDAw', '', 'OTgwMDAwMA==', 'OTkwMDAwMA==', 'MTAwMDAw', '2018-08-14 04:24:32', 1);

-- --------------------------------------------------------

--
-- Table structure for table `tbl_upload_hsbc`
--

CREATE TABLE `tbl_upload_hsbc` (
  `upload_id` bigint(20) UNSIGNED NOT NULL,
  `periode_date` date DEFAULT NULL,
  `nik` varchar(10) DEFAULT NULL,
  `name` varchar(40) DEFAULT NULL,
  `code` varchar(10) DEFAULT NULL,
  `status` varchar(10) DEFAULT NULL,
  `team` varchar(40) DEFAULT NULL,
  `work_days` bigint(10) DEFAULT NULL,
  `position` varchar(50) DEFAULT NULL,
  `basic_sallary` varchar(50) DEFAULT NULL,
  `sallary_prorate` varchar(50) DEFAULT NULL,
  `tunjangan_jabatan` varchar(50) DEFAULT NULL,
  `over_time` varchar(50) DEFAULT NULL,
  `commision_taxi` varchar(50) DEFAULT NULL,
  `total` varchar(50) DEFAULT NULL,
  `commision` varchar(50) DEFAULT NULL,
  `reward` varchar(50) DEFAULT NULL,
  `rapelan_jan_mar` varchar(50) DEFAULT NULL,
  `rapelan_ot_jan_mar` varchar(50) DEFAULT NULL,
  `bpjs_tenaga_kerja_1` varchar(50) DEFAULT NULL COMMENT 'bpjs hsbc',
  `bpjs_pensiun_1` varchar(50) DEFAULT NULL COMMENT 'bpjs hsbc',
  `bpjs_kesehatan_1` varchar(50) DEFAULT NULL COMMENT 'bpjs hsbc',
  `total_gaji_bruto` varchar(50) DEFAULT NULL,
  `pph_pasal_21` varchar(50) DEFAULT NULL COMMENT 'deduction',
  `bpjs_tenaga_kerja_2` varchar(50) DEFAULT NULL COMMENT 'deduction',
  `bpjs_pensiun_2` varchar(50) DEFAULT NULL,
  `bpjs_kesehatan_2` varchar(50) DEFAULT NULL COMMENT 'deduction',
  `potongan_outing` varchar(50) DEFAULT NULL,
  `potongan_parkir` varchar(50) DEFAULT NULL,
  `thp` varchar(50) DEFAULT NULL,
  `user_upload_id` int(11) DEFAULT NULL,
  `upload_date` datetime DEFAULT NULL
) ENGINE=InnoDB DEFAULT CHARSET=latin1;

-- --------------------------------------------------------

--
-- Table structure for table `trs_user_role`
--

CREATE TABLE `trs_user_role` (
  `role_id` bigint(11) UNSIGNED NOT NULL,
  `role_name` varchar(50) DEFAULT NULL
) ENGINE=InnoDB DEFAULT CHARSET=latin1;

--
-- Dumping data for table `trs_user_role`
--

INSERT INTO `trs_user_role` (`role_id`, `role_name`) VALUES
(1, 'SYSTEM'),
(2, 'ADMINISTRATOR'),
(3, 'STAFF AKS'),
(4, 'STAFF HSBC');

--
-- Indexes for dumped tables
--

--
-- Indexes for table `ci_sessions`
--
ALTER TABLE `ci_sessions`
  ADD KEY `ci_sessions_timestamp` (`timestamp`);

--
-- Indexes for table `mst_divisi`
--
ALTER TABLE `mst_divisi`
  ADD PRIMARY KEY (`divisi_id`);

--
-- Indexes for table `mst_sallary`
--
ALTER TABLE `mst_sallary`
  ADD PRIMARY KEY (`sall_id`);

--
-- Indexes for table `mst_user`
--
ALTER TABLE `mst_user`
  ADD PRIMARY KEY (`user_id`);

--
-- Indexes for table `tbl_upload`
--
ALTER TABLE `tbl_upload`
  ADD PRIMARY KEY (`upload_id`);

--
-- Indexes for table `tbl_upload_hsbc`
--
ALTER TABLE `tbl_upload_hsbc`
  ADD PRIMARY KEY (`upload_id`);

--
-- Indexes for table `trs_user_role`
--
ALTER TABLE `trs_user_role`
  ADD PRIMARY KEY (`role_id`);

--
-- AUTO_INCREMENT for dumped tables
--

--
-- AUTO_INCREMENT for table `mst_divisi`
--
ALTER TABLE `mst_divisi`
  MODIFY `divisi_id` bigint(11) UNSIGNED NOT NULL AUTO_INCREMENT, AUTO_INCREMENT=10;

--
-- AUTO_INCREMENT for table `mst_sallary`
--
ALTER TABLE `mst_sallary`
  MODIFY `sall_id` int(11) NOT NULL AUTO_INCREMENT;

--
-- AUTO_INCREMENT for table `mst_user`
--
ALTER TABLE `mst_user`
  MODIFY `user_id` int(10) UNSIGNED NOT NULL AUTO_INCREMENT, AUTO_INCREMENT=180;

--
-- AUTO_INCREMENT for table `tbl_upload`
--
ALTER TABLE `tbl_upload`
  MODIFY `upload_id` bigint(20) UNSIGNED NOT NULL AUTO_INCREMENT, AUTO_INCREMENT=48;

--
-- AUTO_INCREMENT for table `tbl_upload_hsbc`
--
ALTER TABLE `tbl_upload_hsbc`
  MODIFY `upload_id` bigint(20) UNSIGNED NOT NULL AUTO_INCREMENT;

--
-- AUTO_INCREMENT for table `trs_user_role`
--
ALTER TABLE `trs_user_role`
  MODIFY `role_id` bigint(11) UNSIGNED NOT NULL AUTO_INCREMENT, AUTO_INCREMENT=5;
COMMIT;

/*!40101 SET CHARACTER_SET_CLIENT=@OLD_CHARACTER_SET_CLIENT */;
/*!40101 SET CHARACTER_SET_RESULTS=@OLD_CHARACTER_SET_RESULTS */;
/*!40101 SET COLLATION_CONNECTION=@OLD_COLLATION_CONNECTION */;
